athlete_id,age,height_cm,weight_kg,experience_years,sprint_30m_sec,vo2max,agility_ttest_sec,shot_power,passing_score,stamina_score,position,dominant_foot,province,club,talent_level,recommended_position
A0001,15,151,92,2.3,4.01,56.7,8.25,35.7,60.8,68.3,Forward,Right,Mazandaran,Paykan,Professional,Defender
A0002,17,194,72,3.5,3.8,45.3,8.36,94.2,84.9,103.4,Midfielder,Left,Qom,Tractor,Professional,Midfielder
A0003,13,192,59,2.3,5.32,59.8,10.03,61.1,81.0,97.4,Defender,Right,Fars,Nassaji,Professional,Midfielder
A0004,19,193,65,7.3,4.69,41.0,8.75,121.6,67.2,66.5,Forward,Right,East Azerbaijan,Sepahan,Professional,Forward
A0005,20,187,72,8.4,3.99,68.7,7.85,72.8,97.2,70.0,Forward,Left,Gilan,Esteghlal,Professional,Defender
A0006,15,193,79,3.8,4.8,44.6,7.89,102.8,87.2,48.7,Defender,Right,Khuzestan,Sepahan,Professional,Forward
A0007,12,188,65,1.2,3.71,63.8,8.94,76.0,84.4,125.6,Defender,Right,Yazd,Nassaji,Professional,Midfielder
A0008,17,166,78,5.8,4.15,55.1,8.56,107.7,70.3,57.2,Midfielder,Right,Qom,Shams Azar,Professional,Forward
A0009,19,150,49,6.5,3.48,40.4,9.92,73.5,95.4,70.8,Forward,Left,Khorasan Razavi,Persepolis,Professional,Midfielder
A0010,23,177,71,7.5,4.7,66.0,9.39,103.7,56.6,89.3,Defender,Right,Mazandaran,Shams Azar,Professional,Forward
A0011,12,155,60,0.8,4.43,44.7,9.81,53.8,60.1,107.8,Forward,Right,Khorasan Razavi,Foolad,Semi-Professional,Defender
A0012,13,170,48,1.0,4.5,48.4,10.34,40.8,86.7,106.6,Goalkeeper,Right,Kerman,Paykan,Professional,Goalkeeper
A0013,22,166,58,8.4,3.88,45.8,9.77,102.5,88.1,48.8,Midfielder,Right,Khuzestan,Persepolis,Professional,Forward
A0014,23,168,55,7.3,4.33,68.6,10.07,90.9,56.6,88.0,Defender,Left,East Azerbaijan,Paykan,Professional,Midfielder
A0015,18,193,85,6.5,4.23,62.9,10.63,63.9,58.2,70.6,Forward,Right,Isfahan,Persepolis,Professional,Forward
A0016,16,184,47,4.8,4.42,41.5,11.89,108.3,49.7,46.6,Forward,Right,Khorasan Razavi,Sepahan,Professional,Defender
A0017,25,151,56,11.1,3.97,67.0,11.02,95.4,113.9,82.8,Forward,Left,East Azerbaijan,Tractor,Professional,Midfielder
A0018,18,175,66,3.7,3.65,47.5,10.98,62.7,91.1,86.3,Goalkeeper,Right,Qom,Zob Ahan,Professional,Goalkeeper
A0019,22,177,83,10.7,3.54,46.9,9.43,112.9,115.8,55.2,Midfielder,Left,Yazd,Persepolis,Professional,Forward
A0020,21,182,64,7.7,3.96,54.9,10.57,99.0,81.1,104.1,Defender,Left,Qom,Paykan,Professional,Midfielder
A0021,26,178,73,11.3,4.21,70.9,10.33,106.0,65.0,82.9,Defender,Right,Tehran,Esteghlal,Professional,Midfielder
A0022,14,179,71,3.3,4.55,47.6,8.56,104.3,98.1,61.1,Forward,Right,Gilan,Tractor,Professional,Defender
A0023,26,158,74,11.2,5.08,71.2,10.26,91.6,93.6,117.9,Midfielder,Right,Yazd,Foolad,Professional,Midfielder
A0024,28,181,85,8.0,4.16,47.1,11.49,68.9,51.9,68.6,Forward,Left,Tehran,Tractor,Professional,Midfielder
A0025,12,186,69,1.2,5.2,48.1,11.71,93.0,90.6,62.0,Forward,Left,Yazd,Zob Ahan,Semi-Professional,Midfielder
A0026,16,189,79,1.9,4.22,37.8,8.5,53.1,45.1,81.4,Forward,Left,Isfahan,Nassaji,Semi-Professional,Defender
A0027,13,172,59,2.1,4.96,58.8,8.65,49.3,78.6,72.3,Midfielder,Right,Qom,Paykan,Professional,Defender
A0028,15,160,64,1.8,3.58,56.6,9.76,46.4,68.8,107.5,Goalkeeper,Right,Khuzestan,Shams Azar,Professional,Goalkeeper
A0029,23,154,77,9.0,3.37,55.2,9.3,74.5,59.8,95.7,Forward,Left,Kerman,Paykan,Professional,Defender
A0030,14,167,73,1.8,4.41,44.8,11.64,58.0,61.0,84.1,Goalkeeper,Right,Isfahan,Tractor,Semi-Professional,Goalkeeper
A0031,27,185,60,12.0,4.37,64.4,8.45,90.2,85.2,92.5,Midfielder,Left,Alborz,Nassaji,Professional,Midfielder
A0032,20,164,52,7.3,4.0,67.3,8.57,69.9,95.4,132.6,Midfielder,Right,Khuzestan,Sepahan,Professional,Midfielder
A0033,16,167,47,5.3,4.47,44.1,10.06,81.7,64.8,47.8,Forward,Right,Isfahan,Zob Ahan,Professional,Forward
A0034,13,159,54,2.4,5.19,43.9,9.78,78.2,65.2,60.0,Forward,Left,Qom,Paykan,Semi-Professional,Forward
A0035,15,163,85,2.1,4.68,39.7,7.89,72.0,52.1,80.4,Defender,Left,Yazd,Paykan,Professional,Defender
A0036,18,177,52,5.0,4.67,59.6,8.44,95.8,53.5,103.8,Midfielder,Left,Mazandaran,Persepolis,Professional,Defender
A0037,25,170,83,6.8,3.63,63.3,12.09,89.2,49.8,93.2,Midfielder,Right,Qom,Zob Ahan,Professional,Forward
A0038,27,155,75,8.6,4.0,64.4,10.63,108.7,82.3,81.0,Forward,Right,Yazd,Shams Azar,Professional,Midfielder
A0039,13,162,78,1.6,4.95,55.6,10.52,66.8,47.7,89.6,Defender,Left,Gilan,Esteghlal,Semi-Professional,Defender
A0040,19,157,74,7.8,4.5,65.6,10.76,78.2,70.3,77.0,Defender,Right,East Azerbaijan,Zob Ahan,Professional,Forward
A0041,20,150,63,7.4,4.94,60.2,9.63,69.7,75.4,119.1,Defender,Left,Khorasan Razavi,Zob Ahan,Professional,Midfielder
A0042,27,195,69,9.0,4.53,68.7,7.72,106.7,104.0,100.8,Defender,Left,Yazd,Sepahan,Professional,Midfielder
A0043,20,171,84,7.2,4.61,65.2,9.3,98.9,94.6,69.0,Midfielder,Right,Alborz,Persepolis,Professional,Defender
A0044,15,178,55,3.6,5.03,58.5,9.4,81.1,84.1,64.7,Defender,Left,Qom,Sepahan,Professional,Forward
A0045,20,179,61,7.0,4.98,48.6,8.12,110.9,109.2,72.7,Forward,Left,Isfahan,Tractor,Professional,Defender
A0046,23,186,63,11.6,3.83,61.2,10.02,107.5,92.6,115.5,Defender,Left,Khorasan Razavi,Tractor,Professional,Midfielder
A0047,16,190,51,5.1,4.54,51.3,10.92,78.4,46.5,87.7,Midfielder,Right,East Azerbaijan,Nassaji,Professional,Midfielder
A0048,22,157,74,10.5,3.64,67.5,12.02,100.5,95.6,100.2,Midfielder,Left,Yazd,Gol Gohar,Professional,Midfielder
A0049,19,180,46,6.0,5.07,56.9,10.55,97.6,43.2,61.5,Goalkeeper,Right,Khorasan Razavi,Shams Azar,Professional,Goalkeeper
A0050,26,173,87,12.0,4.49,61.4,11.43,114.8,112.0,101.1,Forward,Right,Khuzestan,Persepolis,Professional,Midfielder
A0051,23,184,86,6.7,4.04,45.1,9.76,96.8,48.8,53.2,Defender,Right,Gilan,Tractor,Professional,Forward
A0052,19,171,54,7.0,4.43,69.1,10.17,66.2,50.6,119.6,Goalkeeper,Right,East Azerbaijan,Esteghlal,Professional,Goalkeeper
A0053,25,183,52,11.2,4.14,56.3,9.84,75.6,109.1,87.8,Goalkeeper,Left,Kerman,Zob Ahan,Professional,Goalkeeper
A0054,27,195,73,5.8,3.54,40.5,10.57,86.6,75.4,71.4,Goalkeeper,Right,Kerman,Nassaji,Professional,Goalkeeper
A0055,25,171,74,8.1,4.64,48.9,11.94,79.4,50.8,92.4,Defender,Right,Qom,Shams Azar,Professional,Forward
A0056,15,176,67,4.1,5.15,61.2,9.03,57.2,48.0,112.4,Midfielder,Right,East Azerbaijan,Paykan,Professional,Defender
A0057,25,185,84,10.0,4.35,69.4,8.61,104.4,65.2,125.0,Forward,Right,Fars,Esteghlal,Professional,Defender
A0058,28,163,69,9.9,3.91,63.5,9.93,57.8,92.4,80.7,Forward,Left,Kerman,Foolad,Professional,Midfielder
A0059,28,157,67,10.0,3.86,56.8,7.67,83.9,65.5,60.5,Midfielder,Right,Tehran,Nassaji,Professional,Forward
A0060,17,158,69,4.3,3.92,55.9,9.64,68.2,41.0,79.9,Forward,Left,Isfahan,Zob Ahan,Professional,Midfielder
A0061,17,189,74,5.6,4.98,61.3,10.38,79.4,60.9,70.0,Goalkeeper,Right,Khuzestan,Gol Gohar,Professional,Goalkeeper
A0062,16,165,51,2.3,3.91,58.0,8.76,73.3,83.3,116.0,Midfielder,Left,Fars,Nassaji,Professional,Midfielder
A0063,26,190,64,12.0,4.24,46.5,7.53,91.9,111.8,80.1,Goalkeeper,Left,Qom,Tractor,Professional,Goalkeeper
A0064,27,182,54,12.0,4.08,69.1,7.82,75.8,118.8,105.8,Midfielder,Left,Kerman,Gol Gohar,Professional,Midfielder
A0065,13,190,86,1.5,4.12,45.6,11.9,80.3,40.6,99.4,Forward,Right,Qom,Persepolis,Semi-Professional,Forward
A0066,24,191,66,11.0,4.49,64.5,9.86,94.2,71.1,80.8,Forward,Right,Khorasan Razavi,Sepahan,Professional,Midfielder
A0067,15,182,79,4.0,4.97,48.4,8.35,66.5,92.4,54.9,Forward,Left,Yazd,Tractor,Professional,Forward
A0068,21,178,59,6.8,3.99,54.4,9.45,111.8,60.3,90.3,Defender,Right,East Azerbaijan,Esteghlal,Professional,Forward
A0069,23,185,51,9.4,4.16,43.4,9.56,107.5,112.4,101.0,Forward,Right,Kerman,Shams Azar,Professional,Midfielder
A0070,24,155,68,6.1,3.96,58.5,8.21,97.5,99.8,87.5,Goalkeeper,Right,East Azerbaijan,Tractor,Professional,Goalkeeper
A0071,28,177,52,12.0,3.59,51.6,10.07,115.2,90.7,87.8,Midfielder,Left,Tehran,Paykan,Professional,Midfielder
A0072,25,161,87,10.5,4.22,69.3,11.02,65.1,52.2,94.5,Midfielder,Right,Khuzestan,Tractor,Professional,Forward
A0073,15,187,92,3.8,3.67,47.8,11.6,108.8,44.3,95.1,Goalkeeper,Left,Khorasan Razavi,Esteghlal,Professional,Goalkeeper
A0074,13,170,64,1.8,5.33,44.3,8.73,91.3,49.9,68.0,Forward,Left,Khuzestan,Sepahan,Semi-Professional,Midfielder
A0075,23,183,62,10.1,4.51,60.6,9.9,73.8,71.6,87.8,Midfielder,Left,Tehran,Gol Gohar,Professional,Midfielder
A0076,20,190,48,3.5,4.58,60.1,12.01,92.5,33.2,106.9,Forward,Right,Qom,Sepahan,Professional,Midfielder
A0077,23,178,49,8.4,4.27,58.3,8.16,87.8,80.0,72.0,Midfielder,Left,Khorasan Razavi,Persepolis,Professional,Defender
A0078,14,178,56,3.4,4.22,57.5,9.22,54.8,99.7,105.3,Defender,Left,Gilan,Tractor,Professional,Midfielder
A0079,18,158,60,6.2,3.49,51.1,10.21,51.3,110.4,84.6,Goalkeeper,Right,Khuzestan,Persepolis,Professional,Goalkeeper
A0080,28,172,53,12.0,4.66,51.4,9.47,65.7,59.3,71.1,Midfielder,Left,Isfahan,Foolad,Professional,Forward
A0081,20,158,85,4.8,4.44,45.2,8.5,86.7,95.3,90.1,Goalkeeper,Left,Yazd,Tractor,Professional,Goalkeeper
A0082,25,189,85,4.8,5.03,55.4,8.95,79.9,79.6,79.1,Midfielder,Right,Khuzestan,Gol Gohar,Professional,Midfielder
A0083,23,175,53,9.8,4.16,47.9,9.43,71.7,104.6,110.8,Midfielder,Left,Khorasan Razavi,Sepahan,Professional,Midfielder
A0084,28,179,76,12.0,4.05,55.0,8.51,70.1,97.6,93.6,Goalkeeper,Right,Kerman,Sepahan,Professional,Goalkeeper
A0085,23,175,68,4.3,3.56,47.4,9.51,85.6,80.7,48.0,Midfielder,Left,Gilan,Gol Gohar,Professional,Forward
A0086,18,188,77,4.3,3.43,58.9,10.02,101.5,96.6,83.0,Midfielder,Left,Gilan,Shams Azar,Professional,Midfielder
A0087,21,180,46,5.7,4.7,56.5,11.04,57.7,108.2,104.9,Goalkeeper,Left,Fars,Shams Azar,Professional,Goalkeeper
A0088,24,159,88,6.2,4.5,44.9,9.55,60.5,81.7,98.3,Defender,Right,Gilan,Gol Gohar,Professional,Midfielder
A0089,27,183,69,8.3,3.7,50.3,11.13,101.2,81.9,63.4,Defender,Left,East Azerbaijan,Tractor,Professional,Forward
A0090,27,170,75,8.7,5.07,47.8,10.57,116.9,113.7,60.8,Goalkeeper,Left,Mazandaran,Foolad,Professional,Goalkeeper
A0091,18,162,79,3.7,4.48,41.9,8.76,91.4,46.9,58.8,Defender,Right,Gilan,Sepahan,Professional,Midfielder
A0092,27,191,57,12.0,3.68,47.3,10.26,119.6,62.3,74.1,Goalkeeper,Left,Mazandaran,Sepahan,Professional,Goalkeeper
A0093,21,152,45,5.3,4.63,48.1,10.63,89.0,70.2,95.3,Forward,Left,Alborz,Sepahan,Professional,Midfielder
A0094,21,186,88,8.3,3.69,67.2,9.78,97.7,53.3,79.2,Defender,Left,East Azerbaijan,Gol Gohar,Professional,Forward
A0095,12,166,86,1.0,4.03,47.0,11.16,92.7,78.8,103.0,Defender,Right,Fars,Nassaji,Professional,Midfielder
A0096,23,176,89,8.2,4.2,58.4,8.78,103.4,78.3,61.5,Goalkeeper,Right,Qom,Shams Azar,Professional,Goalkeeper
A0097,22,183,73,4.4,3.83,41.0,11.41,82.6,42.0,91.3,Forward,Left,Tehran,Tractor,Professional,Forward
A0098,13,177,67,2.2,4.42,62.8,9.95,53.2,79.3,122.0,Forward,Left,Kerman,Zob Ahan,Professional,Midfielder
A0099,16,191,67,2.2,5.26,42.1,11.72,106.6,80.1,59.8,Forward,Left,Fars,Foolad,Semi-Professional,Forward
A0100,15,152,87,2.8,4.99,36.5,8.17,74.3,42.1,55.1,Defender,Right,Fars,Shams Azar,Semi-Professional,Defender
A0101,22,186,83,9.2,4.72,68.0,9.86,82.5,90.2,79.5,Forward,Right,Khuzestan,Zob Ahan,Professional,Midfielder
A0102,22,194,71,6.5,3.85,53.7,8.8,71.4,45.5,77.9,Forward,Right,East Azerbaijan,Tractor,Professional,Defender
A0103,14,178,68,1.4,4.8,44.1,10.76,59.8,80.7,74.9,Midfielder,Left,Tehran,Tractor,Semi-Professional,Forward
A0104,15,180,60,3.6,4.72,43.6,9.08,85.3,65.9,72.8,Forward,Left,Khorasan Razavi,Gol Gohar,Professional,Defender
A0105,13,186,59,2.2,3.54,53.4,9.13,64.7,51.1,109.9,Forward,Left,Mazandaran,Sepahan,Professional,Defender
A0106,23,160,53,9.5,4.28,57.8,7.65,108.8,96.1,85.3,Defender,Right,Alborz,Sepahan,Professional,Midfielder
A0107,28,179,68,6.1,4.62,65.2,7.78,73.8,89.6,81.9,Forward,Right,Isfahan,Persepolis,Professional,Midfielder
A0108,19,162,84,5.5,4.88,49.6,9.57,100.1,90.3,92.1,Goalkeeper,Right,Kerman,Zob Ahan,Professional,Goalkeeper
A0109,27,153,85,5.2,3.79,52.0,10.39,50.2,39.1,109.0,Forward,Left,Tehran,Persepolis,Professional,Midfielder
A0110,13,161,65,0.9,3.91,59.2,12.07,70.2,89.5,90.6,Defender,Right,Gilan,Gol Gohar,Professional,Midfielder
A0111,25,164,49,7.6,4.84,52.9,7.69,108.8,74.5,79.6,Forward,Right,Qom,Foolad,Professional,Defender
A0112,14,155,62,1.6,4.88,55.5,8.25,52.8,45.6,64.2,Forward,Right,Tehran,Persepolis,Semi-Professional,Defender
A0113,22,174,45,5.7,4.05,65.5,12.14,62.0,47.6,91.2,Forward,Left,Kerman,Foolad,Professional,Defender
A0114,23,166,60,9.5,4.23,53.5,7.52,104.1,104.2,81.6,Defender,Left,Khuzestan,Paykan,Professional,Midfielder
A0115,18,180,65,3.3,4.17,58.0,12.27,66.5,85.8,112.9,Defender,Right,Alborz,Nassaji,Professional,Midfielder
A0116,18,178,63,6.4,3.57,62.3,8.25,67.0,68.6,90.2,Forward,Left,Gilan,Esteghlal,Professional,Defender
A0117,23,194,79,8.5,4.88,49.2,8.36,101.0,95.6,70.1,Goalkeeper,Right,Isfahan,Foolad,Professional,Goalkeeper
A0118,28,185,82,12.0,3.59,57.8,10.4,127.1,79.1,64.0,Defender,Left,East Azerbaijan,Gol Gohar,Professional,Forward
A0119,18,183,75,4.1,3.66,48.8,8.06,53.6,49.5,108.0,Defender,Right,Khuzestan,Shams Azar,Professional,Defender
A0120,26,164,70,10.8,3.65,55.3,11.42,79.0,62.5,101.0,Goalkeeper,Right,Khuzestan,Gol Gohar,Professional,Goalkeeper
A0121,15,166,87,4.1,4.46,54.8,10.39,95.3,94.0,72.3,Goalkeeper,Right,Khuzestan,Persepolis,Professional,Goalkeeper
A0122,15,161,68,3.6,4.42,41.1,8.7,84.2,103.0,64.9,Midfielder,Left,Qom,Esteghlal,Professional,Defender
A0123,27,158,57,12.0,5.0,58.7,9.37,83.5,59.7,72.8,Midfielder,Right,Mazandaran,Paykan,Professional,Midfielder
A0124,28,157,81,6.6,4.87,51.5,7.92,85.2,54.5,95.0,Goalkeeper,Left,East Azerbaijan,Gol Gohar,Professional,Goalkeeper
A0125,14,178,52,3.1,3.97,52.8,11.08,54.8,45.5,51.9,Midfielder,Right,Khuzestan,Foolad,Semi-Professional,Midfielder
A0126,28,193,51,6.9,4.68,41.2,10.67,67.4,61.2,90.6,Defender,Left,Yazd,Zob Ahan,Professional,Defender
A0127,14,175,77,3.0,4.81,49.6,10.58,90.3,101.1,94.9,Forward,Right,Kerman,Tractor,Professional,Midfielder
A0128,22,168,66,7.5,3.67,63.9,10.92,94.2,52.1,71.6,Forward,Right,Alborz,Sepahan,Professional,Forward
A0129,21,160,62,3.9,4.08,56.7,8.08,87.6,60.0,57.2,Goalkeeper,Right,Qom,Tractor,Professional,Goalkeeper
A0130,26,150,45,11.5,4.84,54.1,7.71,92.7,78.7,62.7,Defender,Right,Isfahan,Shams Azar,Professional,Forward
A0131,17,178,67,5.1,4.51,50.9,11.49,63.0,76.9,108.2,Defender,Right,East Azerbaijan,Persepolis,Professional,Midfielder
A0132,21,194,46,8.9,4.44,56.1,10.86,77.0,109.8,60.5,Goalkeeper,Right,Khuzestan,Gol Gohar,Professional,Goalkeeper
A0133,25,173,79,10.6,4.72,62.3,7.7,61.4,102.6,100.9,Forward,Left,Alborz,Zob Ahan,Professional,Midfielder
A0134,16,167,50,2.9,4.39,59.3,9.65,93.3,42.9,107.6,Goalkeeper,Right,Isfahan,Zob Ahan,Professional,Goalkeeper
A0135,13,169,87,2.2,4.81,56.7,8.76,76.6,76.6,64.9,Midfielder,Right,Tehran,Gol Gohar,Professional,Midfielder
A0136,28,154,61,12.0,4.24,56.3,9.67,77.3,61.7,97.7,Goalkeeper,Right,Tehran,Tractor,Professional,Goalkeeper
A0137,23,174,54,5.3,5.09,61.8,10.6,71.9,66.0,92.8,Goalkeeper,Right,Khorasan Razavi,Shams Azar,Professional,Goalkeeper
A0138,24,154,74,11.5,4.65,46.4,9.02,104.9,66.9,110.7,Defender,Right,Fars,Esteghlal,Professional,Defender
A0139,12,164,79,1.0,5.15,59.5,11.01,75.0,62.8,84.5,Defender,Left,Isfahan,Esteghlal,Semi-Professional,Forward
A0140,25,194,68,8.6,4.65,56.1,9.37,73.9,52.8,112.8,Forward,Left,Khuzestan,Nassaji,Professional,Defender
A0141,18,158,82,2.9,3.72,44.3,9.55,66.0,85.5,90.8,Goalkeeper,Right,Khuzestan,Sepahan,Professional,Goalkeeper
A0142,19,172,70,5.5,4.61,64.3,9.53,91.0,75.3,66.4,Defender,Right,Khorasan Razavi,Zob Ahan,Professional,Forward
A0143,14,187,82,1.8,4.9,39.8,9.79,104.5,48.7,61.9,Forward,Left,Mazandaran,Esteghlal,Semi-Professional,Midfielder
A0144,17,172,58,5.9,3.91,44.2,10.53,85.8,67.2,64.2,Defender,Right,Kerman,Gol Gohar,Professional,Forward
A0145,27,172,81,10.2,3.94,50.6,11.6,72.4,88.5,116.9,Goalkeeper,Right,Yazd,Tractor,Professional,Goalkeeper
A0146,13,164,81,2.4,4.95,61.0,8.7,89.6,87.6,108.6,Defender,Right,Mazandaran,Shams Azar,Professional,Midfielder
A0147,27,152,50,5.7,4.47,51.8,10.57,60.2,98.7,48.8,Defender,Right,Gilan,Gol Gohar,Professional,Midfielder
A0148,24,187,51,7.0,4.01,60.1,10.52,82.1,86.0,96.1,Defender,Left,East Azerbaijan,Foolad,Professional,Midfielder
A0149,12,194,81,1.1,5.38,37.2,12.23,65.0,88.1,78.2,Midfielder,Right,Yazd,Persepolis,Semi-Professional,Midfielder
A0150,22,178,45,5.5,3.8,44.8,7.7,101.2,98.4,65.9,Goalkeeper,Left,Qom,Tractor,Professional,Goalkeeper
A0151,14,152,63,1.2,4.01,46.7,8.54,93.0,61.2,103.0,Forward,Right,Qom,Zob Ahan,Professional,Forward
A0152,15,171,58,4.4,4.21,63.7,10.69,54.1,74.4,60.2,Goalkeeper,Left,Yazd,Paykan,Professional,Goalkeeper
A0153,15,151,58,2.0,4.04,58.6,9.69,68.3,65.0,112.2,Forward,Right,East Azerbaijan,Nassaji,Professional,Defender
A0154,20,186,48,3.9,4.64,57.4,9.74,62.2,63.3,119.3,Forward,Right,Mazandaran,Foolad,Professional,Forward
A0155,13,182,81,2.5,4.97,52.2,11.18,110.1,82.3,81.3,Forward,Right,Yazd,Sepahan,Professional,Midfielder
A0156,20,170,91,8.5,3.45,51.8,8.81,110.2,87.8,74.9,Defender,Right,Isfahan,Paykan,Professional,Forward
A0157,21,184,67,9.1,3.8,57.6,8.29,101.8,72.9,113.9,Goalkeeper,Left,East Azerbaijan,Gol Gohar,Professional,Goalkeeper
A0158,21,169,62,8.9,4.91,67.3,8.98,99.6,96.6,70.8,Forward,Left,Gilan,Gol Gohar,Professional,Defender
A0159,28,160,49,8.8,4.21,66.5,7.6,105.2,63.2,126.4,Midfielder,Left,Mazandaran,Shams Azar,Professional,Defender
A0160,15,193,46,2.2,4.36,62.6,10.32,97.2,82.7,57.6,Defender,Right,Yazd,Tractor,Professional,Midfielder
A0161,25,182,46,12.0,4.99,55.9,8.27,84.8,118.3,96.9,Forward,Left,Mazandaran,Foolad,Professional,Midfielder
A0162,21,193,78,8.7,3.94,56.4,11.32,105.3,61.3,62.6,Midfielder,Left,East Azerbaijan,Foolad,Professional,Forward
A0163,28,165,48,12.0,4.71,63.2,10.69,116.4,79.6,65.4,Defender,Left,Alborz,Tractor,Professional,Forward
A0164,27,192,67,10.3,4.82,65.6,7.81,89.4,95.8,106.2,Goalkeeper,Right,Khuzestan,Tractor,Professional,Goalkeeper
A0165,21,176,66,5.8,4.46,41.0,10.59,89.0,48.9,81.1,Forward,Right,Fars,Sepahan,Professional,Midfielder
A0166,25,186,74,5.8,4.9,41.2,12.09,61.8,59.0,70.9,Goalkeeper,Right,Qom,Zob Ahan,Semi-Professional,Goalkeeper
A0167,24,177,75,7.4,3.38,49.1,9.18,71.7,82.0,89.0,Defender,Right,Kerman,Shams Azar,Professional,Midfielder
A0168,17,154,47,3.4,4.09,53.2,11.97,64.7,55.8,115.8,Forward,Right,Khorasan Razavi,Tractor,Professional,Defender
A0169,18,151,82,4.8,3.75,59.7,10.72,78.4,37.2,107.0,Goalkeeper,Left,Mazandaran,Zob Ahan,Professional,Goalkeeper
A0170,20,180,89,3.9,4.74,46.9,10.72,81.5,86.3,86.0,Goalkeeper,Right,Mazandaran,Tractor,Professional,Goalkeeper
A0171,20,183,57,5.1,4.1,55.5,10.84,63.5,40.5,89.8,Goalkeeper,Right,Alborz,Persepolis,Professional,Goalkeeper
A0172,19,179,63,4.1,3.6,63.3,9.47,71.4,99.0,58.1,Defender,Left,Khuzestan,Nassaji,Professional,Midfielder
A0173,14,173,66,1.6,4.34,43.2,11.84,84.0,43.3,47.3,Defender,Right,Kerman,Paykan,Beginner,Forward
A0174,26,161,84,8.4,3.94,61.6,11.85,100.9,67.2,74.4,Defender,Left,Gilan,Shams Azar,Professional,Forward
A0175,15,177,87,3.7,4.37,53.9,11.65,78.8,98.2,81.3,Defender,Right,Mazandaran,Gol Gohar,Professional,Midfielder
A0176,20,153,77,4.3,4.65,44.6,11.38,89.1,46.3,79.1,Forward,Right,Gilan,Shams Azar,Semi-Professional,Defender
A0177,21,182,80,4.7,4.72,46.8,8.75,87.4,72.4,85.7,Defender,Right,Khuzestan,Gol Gohar,Professional,Defender
A0178,21,185,78,5.8,3.65,54.2,11.02,69.1,54.4,68.4,Defender,Left,Isfahan,Zob Ahan,Professional,Forward
A0179,15,178,74,3.5,5.14,51.4,8.17,96.8,75.9,60.3,Defender,Right,Kerman,Paykan,Professional,Midfielder
A0180,28,174,71,12.0,4.92,53.8,11.75,74.3,103.0,72.1,Midfielder,Right,Khorasan Razavi,Tractor,Professional,Midfielder
A0181,23,193,53,11.6,4.45,58.7,8.76,93.9,92.6,85.7,Midfielder,Left,Tehran,Shams Azar,Professional,Midfielder
A0182,24,159,48,9.8,3.73,46.3,8.74,92.7,92.0,91.4,Defender,Left,Khorasan Razavi,Shams Azar,Professional,Midfielder
A0183,21,194,87,3.6,4.12,59.9,12.03,94.9,98.7,83.4,Midfielder,Right,Alborz,Tractor,Professional,Midfielder
A0184,17,193,49,2.9,3.78,47.2,10.25,84.8,60.2,50.0,Midfielder,Right,Yazd,Paykan,Professional,Forward
A0185,21,181,81,6.9,3.54,56.5,10.08,68.9,67.9,112.7,Midfielder,Left,East Azerbaijan,Tractor,Professional,Forward
A0186,28,180,80,12.0,4.91,62.4,11.5,110.1,95.9,124.1,Forward,Left,Gilan,Foolad,Professional,Midfielder
A0187,28,173,77,12.0,3.96,67.6,9.85,82.3,82.1,71.8,Defender,Left,Isfahan,Tractor,Professional,Forward
A0188,25,191,49,11.2,3.49,51.3,7.77,104.6,63.8,74.5,Forward,Left,Tehran,Zob Ahan,Professional,Forward
A0189,12,191,91,1.3,4.89,53.3,11.99,92.2,41.9,77.5,Goalkeeper,Left,Fars,Shams Azar,Semi-Professional,Goalkeeper
A0190,24,184,63,12.0,3.5,70.5,10.64,124.9,84.8,70.3,Goalkeeper,Left,Khorasan Razavi,Gol Gohar,Professional,Goalkeeper
A0191,28,159,55,7.4,4.47,44.7,10.05,99.1,82.5,47.1,Midfielder,Right,Khorasan Razavi,Paykan,Professional,Midfielder
A0192,23,158,87,9.0,3.55,65.8,9.61,72.8,82.9,83.7,Goalkeeper,Left,Khorasan Razavi,Tractor,Professional,Goalkeeper
A0193,25,167,68,5.7,4.81,51.5,9.11,62.3,101.1,57.6,Midfielder,Right,Alborz,Persepolis,Professional,Forward
A0194,12,187,82,1.1,4.66,50.9,12.43,90.2,50.5,93.1,Forward,Right,Kerman,Gol Gohar,Semi-Professional,Forward
A0195,19,189,88,3.6,4.37,44.5,10.93,95.8,56.6,67.8,Midfielder,Right,Tehran,Tractor,Professional,Midfielder
A0196,24,180,74,11.6,3.33,48.9,10.2,111.3,88.5,70.8,Goalkeeper,Left,Kerman,Tractor,Professional,Goalkeeper
A0197,23,172,76,10.1,4.81,66.7,8.53,74.3,61.9,119.6,Forward,Left,Alborz,Persepolis,Professional,Defender
A0198,27,180,58,11.1,4.4,49.0,10.0,101.3,57.1,105.5,Forward,Right,Alborz,Foolad,Professional,Defender
A0199,26,188,75,12.0,3.56,62.0,11.0,107.1,98.9,90.1,Defender,Left,Kerman,Sepahan,Professional,Midfielder
A0200,18,183,77,5.7,4.91,46.0,10.53,90.0,49.7,101.1,Goalkeeper,Left,Gilan,Zob Ahan,Professional,Goalkeeper
A0201,13,194,78,1.7,5.19,56.5,11.66,100.3,57.6,107.5,Goalkeeper,Left,Qom,Shams Azar,Semi-Professional,Goalkeeper
A0202,18,150,90,6.0,3.48,53.3,8.72,63.0,70.9,67.5,Midfielder,Left,Yazd,Zob Ahan,Professional,Midfielder
A0203,27,161,68,10.8,4.24,60.3,9.14,103.1,70.5,115.5,Forward,Left,Gilan,Paykan,Professional,Defender
A0204,13,160,69,2.6,3.49,42.7,9.7,48.9,36.0,103.6,Midfielder,Right,Fars,Nassaji,Semi-Professional,Defender
A0205,28,168,57,5.8,4.51,44.6,7.79,47.9,110.3,62.5,Defender,Right,Alborz,Persepolis,Professional,Forward
A0206,21,185,82,5.6,5.1,54.6,11.93,71.6,42.1,75.2,Midfielder,Left,Alborz,Nassaji,Semi-Professional,Forward
A0207,27,165,66,12.0,4.07,58.6,7.79,105.2,94.2,81.0,Goalkeeper,Left,Khorasan Razavi,Foolad,Professional,Goalkeeper
A0208,22,154,80,10.3,4.16,66.5,11.8,106.3,66.9,118.4,Defender,Right,Qom,Gol Gohar,Professional,Forward
A0209,15,157,50,3.5,4.73,58.6,8.01,76.5,106.6,112.3,Midfielder,Left,Khorasan Razavi,Paykan,Professional,Midfielder
A0210,28,177,75,12.0,3.26,68.9,9.34,95.5,57.0,88.0,Midfielder,Left,Fars,Shams Azar,Professional,Forward
A0211,20,180,84,5.1,3.75,51.4,9.36,80.9,106.5,103.2,Defender,Left,Kerman,Tractor,Professional,Midfielder
A0212,16,180,45,2.4,4.49,59.9,11.21,66.5,70.3,97.9,Midfielder,Left,Yazd,Persepolis,Professional,Midfielder
A0213,20,173,68,6.4,5.04,39.1,11.72,67.1,80.4,83.8,Forward,Left,Isfahan,Zob Ahan,Professional,Midfielder
A0214,26,190,54,12.0,4.42,56.4,9.34,76.9,76.5,100.8,Forward,Left,Mazandaran,Gol Gohar,Professional,Midfielder
A0215,28,178,71,7.2,4.85,46.1,11.06,69.4,56.7,68.5,Forward,Right,Isfahan,Foolad,Professional,Defender
A0216,24,169,59,6.3,3.94,44.9,7.86,98.7,80.2,73.8,Forward,Right,Alborz,Shams Azar,Professional,Forward
A0217,26,190,92,10.9,4.25,60.2,9.03,115.5,72.2,72.5,Defender,Left,East Azerbaijan,Nassaji,Professional,Defender
A0218,27,180,64,5.2,4.17,43.4,9.39,85.0,54.3,63.4,Midfielder,Right,Kerman,Tractor,Professional,Forward
A0219,20,168,86,7.5,4.82,62.8,8.97,86.9,81.1,57.3,Goalkeeper,Right,Isfahan,Foolad,Professional,Goalkeeper
A0220,26,150,59,5.7,3.45,52.0,9.92,77.3,50.1,55.9,Forward,Right,Gilan,Nassaji,Professional,Midfielder
A0221,24,150,52,12.0,4.55,69.9,11.79,94.0,93.2,98.3,Midfielder,Right,Yazd,Esteghlal,Professional,Midfielder
A0222,28,157,61,10.6,3.82,45.6,11.77,76.2,104.0,64.8,Goalkeeper,Left,Alborz,Paykan,Professional,Goalkeeper
A0223,14,165,55,2.4,4.75,64.1,8.11,52.2,41.6,83.2,Midfielder,Left,Alborz,Tractor,Professional,Defender
A0224,24,172,91,5.3,5.05,50.2,10.78,60.9,85.1,104.9,Defender,Right,Gilan,Sepahan,Professional,Midfielder
A0225,20,184,68,5.7,4.8,60.9,10.46,90.1,52.1,108.6,Forward,Right,Qom,Foolad,Professional,Forward
A0226,22,157,51,7.4,3.58,45.9,8.53,57.4,101.4,78.2,Midfielder,Right,Khuzestan,Tractor,Professional,Midfielder
A0227,14,150,58,2.8,5.28,50.4,9.56,91.0,81.0,87.3,Goalkeeper,Left,Isfahan,Tractor,Professional,Goalkeeper
A0228,15,156,91,2.2,4.21,54.8,12.17,72.9,85.3,97.6,Forward,Right,Fars,Sepahan,Professional,Midfielder
A0229,28,171,87,7.1,5.17,49.5,12.05,79.6,75.4,86.1,Defender,Left,Gilan,Foolad,Professional,Midfielder
A0230,26,178,70,4.8,3.47,37.8,11.62,104.5,63.9,97.6,Defender,Right,Tehran,Nassaji,Professional,Forward
A0231,16,166,68,5.0,3.87,47.4,10.23,51.5,71.2,104.1,Goalkeeper,Left,Tehran,Paykan,Professional,Goalkeeper
A0232,13,171,67,2.5,4.37,41.3,11.34,98.6,69.9,69.2,Defender,Left,Gilan,Tractor,Semi-Professional,Forward
A0233,24,178,83,9.0,3.47,62.0,9.06,104.6,63.6,89.9,Defender,Left,Gilan,Tractor,Professional,Forward
A0234,18,185,84,7.2,4.26,47.7,10.74,67.0,63.8,67.9,Midfielder,Right,Khuzestan,Paykan,Professional,Midfielder
A0235,16,178,47,5.1,3.88,44.2,8.2,69.2,54.5,57.3,Goalkeeper,Left,Mazandaran,Nassaji,Professional,Goalkeeper
A0236,18,184,58,3.4,4.37,51.7,8.53,55.1,73.5,57.3,Midfielder,Right,Mazandaran,Esteghlal,Professional,Forward
A0237,20,192,87,5.2,3.56,62.6,12.15,104.1,73.3,63.1,Forward,Right,Tehran,Tractor,Professional,Forward
A0238,21,171,76,5.9,3.68,49.7,8.91,84.7,87.8,107.2,Goalkeeper,Left,Khorasan Razavi,Sepahan,Professional,Goalkeeper
A0239,24,192,53,4.9,4.17,56.0,8.7,73.6,96.5,85.4,Defender,Right,Fars,Foolad,Professional,Midfielder
A0240,28,158,72,12.0,4.96,71.5,8.85,109.2,80.0,120.1,Forward,Left,East Azerbaijan,Nassaji,Professional,Midfielder
A0241,20,159,57,3.6,3.89,53.5,10.29,58.5,63.2,81.4,Forward,Left,Fars,Zob Ahan,Professional,Defender
A0242,17,162,59,2.2,4.85,43.7,11.38,78.1,101.5,95.8,Midfielder,Left,Khorasan Razavi,Zob Ahan,Professional,Midfielder
A0243,13,188,92,2.4,4.77,62.6,10.34,85.7,41.3,121.2,Defender,Left,Alborz,Esteghlal,Professional,Forward
A0244,13,162,63,1.7,5.2,42.7,9.37,83.3,65.6,44.4,Defender,Right,Kerman,Zob Ahan,Semi-Professional,Defender
A0245,17,179,82,5.9,5.08,41.5,10.69,68.4,50.6,74.2,Forward,Right,Kerman,Shams Azar,Semi-Professional,Defender
A0246,22,186,87,9.8,3.51,61.8,8.97,118.3,66.9,116.9,Midfielder,Right,Mazandaran,Nassaji,Professional,Forward
A0247,12,188,76,0.9,4.59,45.1,10.58,80.7,72.6,40.8,Midfielder,Right,Fars,Esteghlal,Semi-Professional,Forward
A0248,21,171,50,3.6,4.19,56.5,10.96,87.8,67.9,110.1,Midfielder,Left,Khuzestan,Zob Ahan,Professional,Forward
A0249,25,185,49,7.1,3.63,48.2,10.06,90.6,93.4,108.5,Midfielder,Left,Qom,Gol Gohar,Professional,Midfielder
A0250,23,158,84,8.3,4.33,53.7,10.39,101.3,49.9,61.7,Forward,Left,Tehran,Gol Gohar,Professional,Forward
A0251,18,150,85,3.4,4.09,46.1,9.14,75.3,85.5,40.9,Midfielder,Left,Yazd,Nassaji,Professional,Defender
A0252,16,180,54,4.1,5.07,48.5,9.73,96.5,82.7,76.8,Midfielder,Left,Isfahan,Sepahan,Professional,Midfielder
A0253,12,171,69,1.4,5.08,47.0,11.9,80.0,33.7,72.9,Forward,Left,Khorasan Razavi,Shams Azar,Beginner,Defender
A0254,23,152,57,11.0,4.03,56.8,8.43,97.6,97.4,113.9,Defender,Right,Alborz,Esteghlal,Professional,Midfielder
A0255,28,157,45,8.8,3.5,64.9,11.44,99.2,52.7,101.5,Defender,Right,East Azerbaijan,Foolad,Professional,Forward
A0256,26,192,52,7.4,3.56,67.0,8.1,92.5,110.4,99.2,Midfielder,Left,Gilan,Nassaji,Professional,Midfielder
A0257,12,180,88,0.7,4.18,47.0,12.01,82.8,52.2,58.7,Goalkeeper,Left,Qom,Sepahan,Beginner,Goalkeeper
A0258,26,156,74,7.8,4.6,55.7,8.38,64.1,63.4,77.8,Midfielder,Left,Mazandaran,Esteghlal,Professional,Defender
A0259,15,172,75,2.9,3.86,52.1,8.41,88.9,82.1,82.4,Forward,Right,Qom,Tractor,Professional,Midfielder
A0260,27,174,49,8.6,4.81,62.8,11.13,75.5,58.3,97.8,Forward,Left,Gilan,Persepolis,Professional,Defender
A0261,21,175,49,7.2,4.62,62.2,10.41,65.5,85.7,115.1,Defender,Left,Gilan,Foolad,Professional,Midfielder
A0262,26,162,58,11.3,3.86,67.9,11.66,113.8,51.5,129.3,Defender,Left,Tehran,Gol Gohar,Professional,Forward
A0263,13,150,90,1.9,5.28,42.3,9.87,73.1,59.3,48.5,Defender,Right,Gilan,Zob Ahan,Semi-Professional,Midfielder
A0264,25,159,63,12.0,4.41,44.6,10.64,91.9,61.5,67.2,Forward,Right,Mazandaran,Shams Azar,Professional,Midfielder
A0265,24,172,59,5.8,4.52,61.5,9.94,82.0,106.1,101.1,Forward,Right,Fars,Shams Azar,Professional,Midfielder
A0266,20,179,78,3.5,5.01,51.5,12.02,89.7,51.1,73.3,Forward,Left,Gilan,Nassaji,Semi-Professional,Midfielder
A0267,25,172,63,7.1,3.51,61.8,10.05,78.5,54.4,113.3,Midfielder,Left,Isfahan,Sepahan,Professional,Forward
A0268,20,166,53,6.7,3.86,60.8,11.83,87.8,58.8,70.5,Goalkeeper,Left,Isfahan,Sepahan,Professional,Goalkeeper
A0269,16,181,71,4.6,3.86,54.7,11.03,92.9,42.1,75.6,Defender,Left,Yazd,Zob Ahan,Professional,Forward
A0270,16,183,72,1.8,5.18,56.6,10.85,101.3,94.8,117.0,Midfielder,Left,East Azerbaijan,Persepolis,Professional,Midfielder
A0271,24,179,88,10.5,4.6,48.0,10.49,98.9,98.2,46.7,Forward,Left,Khorasan Razavi,Foolad,Professional,Defender
A0272,12,189,50,0.7,4.67,41.8,8.65,55.1,59.5,82.6,Defender,Right,Alborz,Sepahan,Semi-Professional,Defender
A0273,26,192,49,10.9,4.85,56.9,10.87,76.6,100.7,71.3,Midfielder,Right,Mazandaran,Persepolis,Professional,Defender
A0274,24,161,86,8.3,3.67,48.1,11.76,55.2,80.2,77.4,Defender,Right,Tehran,Zob Ahan,Professional,Midfielder
A0275,22,175,81,3.6,4.8,50.4,11.19,50.5,64.8,93.8,Midfielder,Left,Yazd,Foolad,Semi-Professional,Forward
A0276,14,173,79,3.2,4.16,57.3,8.77,103.4,54.3,63.4,Forward,Right,Yazd,Nassaji,Professional,Forward
A0277,16,152,57,1.9,5.33,48.2,10.8,93.8,89.9,65.0,Goalkeeper,Left,Isfahan,Tractor,Professional,Goalkeeper
A0278,28,179,88,12.0,4.23,49.2,10.71,75.9,90.6,82.9,Goalkeeper,Left,Isfahan,Nassaji,Professional,Goalkeeper
A0279,14,156,52,2.4,4.95,58.3,11.68,74.9,99.3,67.9,Defender,Right,Qom,Sepahan,Professional,Defender
A0280,20,159,71,4.0,4.11,45.1,8.49,77.7,53.6,41.4,Goalkeeper,Left,Kerman,Nassaji,Professional,Goalkeeper
A0281,18,159,85,3.7,4.28,43.4,10.56,72.5,88.3,67.0,Defender,Right,Gilan,Persepolis,Professional,Forward
A0282,28,164,74,12.0,4.4,51.0,10.62,86.2,91.2,87.4,Forward,Left,Khuzestan,Paykan,Professional,Midfielder
A0283,26,152,51,11.9,4.89,65.7,8.05,99.8,70.8,106.0,Goalkeeper,Left,Khorasan Razavi,Persepolis,Professional,Goalkeeper
A0284,25,162,69,12.0,3.4,45.8,8.41,71.5,79.5,62.9,Midfielder,Right,Tehran,Paykan,Professional,Defender
A0285,15,179,74,2.8,4.82,43.8,11.57,100.5,67.7,66.7,Defender,Left,Mazandaran,Foolad,Semi-Professional,Midfielder
A0286,19,165,65,5.0,3.93,66.2,11.77,57.3,87.7,90.9,Goalkeeper,Left,Mazandaran,Tractor,Professional,Goalkeeper
A0287,12,194,91,1.1,3.89,44.3,8.07,60.4,70.4,103.3,Defender,Left,Fars,Gol Gohar,Professional,Defender
A0288,12,190,49,1.1,4.78,44.9,11.12,78.5,78.4,67.0,Midfielder,Right,Isfahan,Zob Ahan,Semi-Professional,Forward
A0289,13,173,68,1.2,4.49,53.9,12.28,49.8,94.6,110.2,Defender,Left,Khuzestan,Foolad,Semi-Professional,Midfielder
A0290,25,167,48,5.1,4.07,51.8,10.99,76.8,84.8,113.0,Goalkeeper,Right,Mazandaran,Persepolis,Professional,Goalkeeper
A0291,17,168,49,2.6,4.05,52.0,10.25,66.7,65.2,70.7,Goalkeeper,Left,Khorasan Razavi,Persepolis,Semi-Professional,Goalkeeper
A0292,19,183,86,4.5,4.51,59.8,10.78,84.8,81.4,80.1,Defender,Left,Khuzestan,Foolad,Professional,Midfielder
A0293,13,159,67,1.4,5.32,40.6,8.65,82.5,79.7,48.7,Defender,Left,East Azerbaijan,Gol Gohar,Semi-Professional,Forward
A0294,13,192,65,2.7,3.73,63.6,8.27,109.2,103.0,76.3,Midfielder,Left,Mazandaran,Foolad,Professional,Midfielder
A0295,16,186,91,5.1,4.24,60.4,8.39,73.4,94.1,59.5,Defender,Right,East Azerbaijan,Tractor,Professional,Forward
A0296,26,193,87,12.0,4.93,58.3,9.57,111.0,99.5,75.8,Midfielder,Left,East Azerbaijan,Nassaji,Professional,Midfielder
A0297,14,163,91,3.3,4.84,48.2,11.23,83.5,92.3,51.9,Midfielder,Right,Qom,Zob Ahan,Semi-Professional,Midfielder
A0298,20,176,56,6.3,4.72,42.5,9.42,62.5,94.1,74.2,Goalkeeper,Right,Fars,Foolad,Professional,Goalkeeper
A0299,27,157,86,11.9,3.74,69.6,7.61,93.7,90.8,98.7,Midfielder,Left,Alborz,Persepolis,Professional,Midfielder
A0300,12,166,55,1.3,3.83,54.2,8.13,81.7,32.8,88.4,Defender,Right,Isfahan,Paykan,Professional,Forward
A0301,22,170,88,9.4,3.84,52.4,9.01,65.6,98.2,105.6,Defender,Right,Gilan,Tractor,Professional,Midfielder
A0302,28,184,90,11.4,4.53,54.9,11.24,94.8,80.8,110.7,Midfielder,Right,Alborz,Foolad,Professional,Midfielder
A0303,15,164,53,4.1,3.7,40.2,8.21,84.7,92.2,34.6,Goalkeeper,Left,Isfahan,Foolad,Professional,Goalkeeper
A0304,21,192,45,8.3,4.78,48.8,8.37,76.2,114.1,64.4,Defender,Right,Isfahan,Paykan,Professional,Forward
A0305,18,195,57,7.0,3.69,41.6,11.94,111.9,85.0,77.1,Midfielder,Left,Kerman,Tractor,Professional,Midfielder
A0306,25,157,65,5.6,3.6,60.9,10.09,60.6,61.0,83.5,Forward,Right,Gilan,Zob Ahan,Professional,Midfielder
A0307,18,154,75,6.9,4.01,59.4,9.45,81.4,72.2,122.8,Defender,Right,Khuzestan,Tractor,Professional,Forward
A0308,24,157,59,11.2,4.56,63.6,8.76,93.7,84.8,87.6,Midfielder,Right,Mazandaran,Persepolis,Professional,Midfielder
A0309,27,181,59,11.5,3.41,43.9,10.62,92.9,64.6,41.8,Forward,Left,Khorasan Razavi,Foolad,Professional,Forward
A0310,27,182,61,10.6,4.72,45.0,12.04,74.1,105.8,40.1,Midfielder,Right,Mazandaran,Zob Ahan,Professional,Forward
A0311,24,181,52,9.0,4.2,56.6,9.98,64.4,84.7,100.4,Midfielder,Left,Tehran,Esteghlal,Professional,Midfielder
A0312,16,173,67,4.7,4.55,55.2,9.84,68.9,51.6,68.4,Goalkeeper,Left,Isfahan,Gol Gohar,Professional,Goalkeeper
A0313,22,152,74,8.3,4.15,51.1,9.56,69.3,61.9,81.4,Defender,Left,Mazandaran,Shams Azar,Professional,Forward
A0314,22,160,84,5.8,5.14,58.7,8.15,57.7,62.0,109.6,Goalkeeper,Right,Qom,Gol Gohar,Professional,Goalkeeper
A0315,28,180,72,7.7,4.81,50.5,9.58,70.8,85.4,93.5,Goalkeeper,Right,Qom,Nassaji,Professional,Goalkeeper
A0316,26,167,85,9.9,4.46,54.9,10.33,76.4,62.2,70.8,Midfielder,Right,Yazd,Tractor,Professional,Midfielder
A0317,21,191,55,5.0,4.48,40.8,8.95,85.6,70.4,35.4,Defender,Right,East Azerbaijan,Foolad,Professional,Defender
A0318,13,181,46,1.0,5.13,42.1,12.37,88.2,62.6,89.9,Goalkeeper,Left,Mazandaran,Persepolis,Beginner,Goalkeeper
A0319,15,170,66,4.0,4.86,60.0,8.66,57.9,69.6,61.5,Goalkeeper,Left,Gilan,Zob Ahan,Professional,Goalkeeper
A0320,19,167,54,4.7,4.8,41.2,10.59,90.9,88.3,52.9,Midfielder,Left,Yazd,Persepolis,Professional,Defender
A0321,26,174,45,12.0,4.02,49.9,11.02,84.3,115.4,106.2,Forward,Right,East Azerbaijan,Persepolis,Professional,Midfielder
A0322,27,180,92,9.3,4.85,67.4,11.3,90.5,92.1,113.1,Goalkeeper,Right,Yazd,Sepahan,Professional,Goalkeeper
A0323,16,150,70,2.5,4.13,39.0,11.17,68.8,72.4,95.0,Defender,Left,Fars,Paykan,Professional,Midfielder
A0324,18,155,71,4.2,4.19,61.2,7.74,75.3,47.5,86.5,Defender,Right,Kerman,Paykan,Professional,Defender
A0325,20,159,50,8.7,3.68,42.4,11.17,100.2,57.8,102.8,Midfielder,Left,Alborz,Nassaji,Professional,Forward
A0326,25,163,83,6.4,4.94,44.0,11.1,101.8,68.6,79.3,Goalkeeper,Right,Mazandaran,Sepahan,Professional,Goalkeeper
A0327,24,193,58,10.2,4.56,48.5,7.7,89.5,121.3,108.7,Goalkeeper,Right,East Azerbaijan,Shams Azar,Professional,Goalkeeper
A0328,21,175,87,5.7,5.17,54.3,10.11,98.4,62.5,56.6,Goalkeeper,Right,Mazandaran,Foolad,Professional,Goalkeeper
A0329,25,168,61,10.0,4.64,53.0,9.07,99.0,107.7,97.2,Defender,Right,Khorasan Razavi,Sepahan,Professional,Midfielder
A0330,20,160,90,5.8,3.72,52.8,12.18,69.3,83.5,69.3,Midfielder,Right,Fars,Shams Azar,Professional,Forward
A0331,18,187,45,4.9,4.43,42.1,10.92,61.2,82.6,80.7,Midfielder,Right,Tehran,Persepolis,Professional,Midfielder
A0332,27,179,85,12.0,4.21,71.4,11.63,113.0,117.2,79.3,Midfielder,Left,Tehran,Persepolis,Professional,Midfielder
A0333,24,155,70,6.3,3.92,48.9,8.59,71.8,99.8,67.7,Midfielder,Right,Khuzestan,Persepolis,Professional,Forward
A0334,18,181,73,6.6,4.25,52.7,11.35,81.9,43.6,76.8,Defender,Left,Gilan,Shams Azar,Professional,Midfielder
A0335,25,155,75,7.2,5.22,47.9,9.59,85.2,77.9,70.7,Midfielder,Left,East Azerbaijan,Paykan,Professional,Forward
A0336,12,157,92,1.4,3.86,45.1,11.81,69.6,78.1,63.0,Defender,Right,Fars,Persepolis,Semi-Professional,Forward
A0337,20,193,51,5.6,3.4,40.5,9.76,100.6,85.6,90.1,Forward,Left,Isfahan,Sepahan,Professional,Midfielder
A0338,18,157,46,5.7,3.72,51.1,8.91,95.0,50.8,56.6,Goalkeeper,Right,Fars,Nassaji,Professional,Goalkeeper
A0339,27,151,73,11.1,3.68,64.6,7.52,101.8,110.7,101.8,Midfielder,Right,Mazandaran,Zob Ahan,Professional,Midfielder
A0340,27,164,90,5.7,3.49,53.6,10.75,58.0,82.7,75.4,Defender,Left,Khuzestan,Nassaji,Professional,Midfielder
A0341,19,187,88,4.5,4.57,54.9,9.16,113.5,86.0,106.6,Defender,Right,East Azerbaijan,Persepolis,Professional,Midfielder
A0342,16,161,57,2.4,4.48,62.4,8.95,94.9,54.2,75.1,Goalkeeper,Right,Khuzestan,Zob Ahan,Professional,Goalkeeper
A0343,19,157,80,3.9,3.95,45.9,11.68,54.0,73.7,92.2,Forward,Left,Isfahan,Persepolis,Professional,Forward
A0344,15,185,47,3.0,3.72,42.4,11.19,94.5,87.7,65.0,Goalkeeper,Right,Mazandaran,Zob Ahan,Professional,Goalkeeper
A0345,12,165,75,1.0,4.42,46.9,9.62,51.6,55.6,94.3,Forward,Left,Gilan,Gol Gohar,Semi-Professional,Midfielder
A0346,16,150,90,4.7,5.13,49.2,8.37,86.0,86.7,50.7,Midfielder,Left,Kerman,Shams Azar,Professional,Forward
A0347,22,172,45,9.6,4.95,46.3,10.53,97.7,75.8,96.7,Defender,Left,Isfahan,Esteghlal,Professional,Midfielder
A0348,24,158,78,12.0,3.71,59.6,10.7,66.7,88.9,109.6,Goalkeeper,Right,Khuzestan,Foolad,Professional,Goalkeeper
A0349,23,157,48,9.8,5.02,56.3,8.96,98.4,102.2,100.1,Defender,Left,East Azerbaijan,Foolad,Professional,Midfielder
A0350,16,195,69,3.7,3.86,55.0,9.32,101.2,36.6,109.5,Forward,Right,Khuzestan,Shams Azar,Professional,Forward
A0351,28,175,61,11.7,4.46,64.8,10.68,76.8,84.3,125.8,Goalkeeper,Right,Mazandaran,Nassaji,Professional,Goalkeeper
A0352,17,185,68,6.0,3.66,42.3,9.01,63.3,63.5,36.3,Forward,Right,East Azerbaijan,Foolad,Professional,Forward
A0353,27,150,52,10.7,3.37,55.8,9.45,80.3,100.4,63.2,Forward,Left,Fars,Gol Gohar,Professional,Forward
A0354,25,174,59,12.0,3.77,62.5,8.52,71.4,98.8,81.8,Goalkeeper,Right,Qom,Shams Azar,Professional,Goalkeeper
A0355,13,186,78,1.2,4.45,41.0,8.6,89.3,83.7,68.5,Midfielder,Left,Qom,Esteghlal,Professional,Defender
A0356,22,177,56,6.6,4.91,45.7,8.02,62.3,46.3,64.9,Midfielder,Right,Tehran,Esteghlal,Professional,Defender
A0357,22,159,71,10.0,3.86,65.5,8.61,70.7,89.1,79.2,Forward,Right,Mazandaran,Esteghlal,Professional,Midfielder
A0358,19,151,62,5.7,4.46,60.8,8.3,73.6,77.9,68.0,Defender,Right,Gilan,Zob Ahan,Professional,Forward
A0359,26,152,45,12.0,5.03,60.9,7.8,71.2,105.2,110.4,Midfielder,Right,Fars,Shams Azar,Professional,Midfielder
A0360,21,155,70,7.9,4.92,69.8,8.56,100.1,109.1,134.0,Midfielder,Right,Yazd,Gol Gohar,Professional,Midfielder
A0361,26,188,66,5.0,4.68,39.0,11.86,85.7,89.4,72.3,Goalkeeper,Right,Yazd,Nassaji,Professional,Goalkeeper
A0362,23,174,83,6.7,3.75,57.2,9.88,77.5,41.6,112.9,Goalkeeper,Left,Alborz,Tractor,Professional,Goalkeeper
A0363,27,173,47,8.0,5.02,45.8,11.26,107.5,78.8,85.4,Defender,Right,Qom,Sepahan,Professional,Midfielder
A0364,16,166,81,4.9,5.08,47.7,8.0,87.8,89.4,43.4,Goalkeeper,Left,Kerman,Zob Ahan,Professional,Goalkeeper
A0365,28,179,76,9.3,4.73,47.6,9.41,60.7,54.9,47.9,Forward,Right,Khorasan Razavi,Tractor,Professional,Midfielder
A0366,14,190,85,1.4,4.43,52.6,9.36,53.9,48.7,74.0,Goalkeeper,Left,Isfahan,Nassaji,Semi-Professional,Goalkeeper
A0367,14,153,47,2.1,5.2,56.1,11.37,70.6,34.6,60.1,Forward,Right,Qom,Zob Ahan,Beginner,Forward
A0368,12,179,69,1.2,4.34,39.3,10.84,75.7,32.6,82.0,Defender,Right,Yazd,Shams Azar,Beginner,Midfielder
A0369,27,189,73,7.0,3.53,44.4,10.0,83.7,74.2,71.9,Midfielder,Left,Tehran,Shams Azar,Professional,Forward
A0370,16,153,60,3.6,5.09,48.1,8.84,82.4,83.3,109.2,Midfielder,Left,Qom,Foolad,Professional,Midfielder
A0371,17,156,74,5.8,5.09,65.0,10.82,58.7,95.9,114.2,Forward,Right,Tehran,Gol Gohar,Professional,Midfielder
A0372,23,151,80,4.8,3.97,55.7,7.82,49.9,100.2,75.4,Defender,Right,Tehran,Sepahan,Professional,Midfielder
A0373,15,151,88,1.9,4.82,44.5,9.92,53.1,72.2,80.3,Goalkeeper,Right,Fars,Sepahan,Semi-Professional,Goalkeeper
A0374,18,184,69,5.7,3.96,58.4,11.18,102.7,47.5,94.5,Defender,Left,Khorasan Razavi,Persepolis,Professional,Forward
A0375,14,160,77,2.1,5.19,46.9,8.76,69.3,96.0,82.2,Goalkeeper,Right,Khorasan Razavi,Tractor,Professional,Goalkeeper
A0376,19,175,58,4.4,5.07,63.3,10.15,55.6,62.8,92.6,Forward,Left,Mazandaran,Zob Ahan,Professional,Midfielder
A0377,22,167,69,3.8,4.25,41.7,9.14,72.2,51.8,43.7,Defender,Left,Khorasan Razavi,Gol Gohar,Semi-Professional,Forward
A0378,20,162,90,6.6,3.72,59.8,8.93,65.0,114.2,113.3,Goalkeeper,Left,Yazd,Shams Azar,Professional,Goalkeeper
A0379,16,175,59,2.6,4.86,52.2,11.35,76.6,51.2,101.0,Defender,Left,Mazandaran,Shams Azar,Semi-Professional,Defender
A0380,16,169,92,1.8,5.06,45.3,10.97,86.8,48.1,96.6,Defender,Left,Qom,Paykan,Semi-Professional,Forward
A0381,24,174,58,12.0,3.33,56.7,11.77,80.8,93.4,108.6,Goalkeeper,Right,Khorasan Razavi,Persepolis,Professional,Goalkeeper
A0382,24,168,58,6.2,4.54,41.6,8.57,71.3,50.1,64.0,Defender,Right,Khorasan Razavi,Foolad,Professional,Forward
A0383,27,160,83,11.0,3.8,63.0,8.5,88.6,87.8,82.9,Forward,Left,Mazandaran,Paykan,Professional,Midfielder
A0384,14,168,86,3.3,4.36,56.0,10.69,53.1,98.4,87.0,Defender,Right,Kerman,Esteghlal,Professional,Midfielder
A0385,17,167,85,4.4,4.6,59.7,11.84,85.8,66.3,92.8,Forward,Left,Fars,Foolad,Professional,Defender
A0386,26,151,49,10.9,4.52,52.6,8.19,72.7,63.1,79.1,Goalkeeper,Right,Alborz,Nassaji,Professional,Goalkeeper
A0387,20,160,55,8.0,4.42,45.7,8.41,51.5,70.1,92.1,Defender,Left,Alborz,Esteghlal,Professional,Defender
A0388,28,191,87,12.0,4.8,51.1,7.5,122.1,74.7,52.9,Goalkeeper,Left,Khorasan Razavi,Persepolis,Professional,Goalkeeper
A0389,15,192,55,3.7,3.53,59.3,10.67,107.1,61.5,61.8,Goalkeeper,Left,Yazd,Gol Gohar,Professional,Goalkeeper
A0390,18,179,59,2.7,4.99,45.4,8.79,88.3,42.5,109.3,Defender,Left,Isfahan,Paykan,Professional,Defender
A0391,24,193,89,5.3,3.75,59.7,10.6,66.8,69.9,105.4,Goalkeeper,Right,Tehran,Paykan,Professional,Goalkeeper
A0392,15,169,60,3.7,4.87,39.1,9.05,53.4,98.8,98.4,Midfielder,Right,East Azerbaijan,Gol Gohar,Professional,Midfielder
A0393,13,183,71,2.1,3.95,58.9,9.0,101.7,53.0,104.1,Forward,Left,Fars,Nassaji,Professional,Forward
A0394,14,181,49,3.5,3.65,61.6,8.62,92.3,68.9,86.3,Defender,Right,Kerman,Sepahan,Professional,Forward
A0395,21,168,81,6.3,4.52,59.5,12.03,61.6,78.7,109.6,Forward,Right,Kerman,Zob Ahan,Professional,Midfielder
A0396,21,188,79,4.3,4.7,50.8,9.5,56.3,64.3,54.8,Midfielder,Left,Kerman,Zob Ahan,Professional,Forward
A0397,23,174,76,6.3,5.11,65.9,8.37,67.5,108.6,111.3,Forward,Left,Alborz,Esteghlal,Professional,Midfielder
A0398,25,165,60,8.8,4.98,59.2,10.45,96.0,53.6,95.8,Defender,Right,Isfahan,Persepolis,Professional,Midfielder
A0399,24,195,82,12.0,3.4,66.9,9.38,104.3,112.8,115.3,Goalkeeper,Right,Yazd,Paykan,Professional,Goalkeeper
A0400,23,159,62,9.7,4.99,53.0,11.04,63.1,85.7,94.2,Midfielder,Right,Alborz,Sepahan,Professional,Midfielder
A0401,17,182,52,4.0,4.87,38.5,11.14,102.1,80.5,87.0,Midfielder,Right,Kerman,Persepolis,Professional,Midfielder
A0402,22,151,82,5.3,4.39,38.6,12.08,82.0,58.4,58.6,Midfielder,Left,Mazandaran,Gol Gohar,Semi-Professional,Midfielder
A0403,23,193,66,11.7,4.74,61.8,7.63,88.3,85.9,110.5,Defender,Right,Qom,Persepolis,Professional,Midfielder
A0404,20,194,60,5.2,4.53,51.6,8.73,117.5,39.5,54.3,Midfielder,Left,Khorasan Razavi,Paykan,Professional,Forward
A0405,14,172,72,3.5,5.18,56.4,8.24,84.4,98.8,106.7,Goalkeeper,Right,Mazandaran,Persepolis,Professional,Goalkeeper
A0406,26,160,73,12.0,4.13,49.9,11.71,74.1,61.9,66.4,Midfielder,Right,Alborz,Foolad,Professional,Forward
A0407,15,192,53,4.3,4.57,59.3,8.81,103.8,66.7,107.3,Forward,Right,Khorasan Razavi,Foolad,Professional,Defender
A0408,14,157,50,2.0,4.58,62.3,8.42,63.0,55.5,71.3,Forward,Left,Khuzestan,Sepahan,Professional,Defender
A0409,19,156,70,2.7,5.05,58.4,8.9,45.8,88.8,104.9,Midfielder,Left,Gilan,Persepolis,Professional,Midfielder
A0410,27,190,58,10.1,4.5,68.9,11.13,114.2,89.5,120.3,Forward,Left,East Azerbaijan,Sepahan,Professional,Midfielder
A0411,24,171,72,9.9,5.12,53.6,8.84,77.2,70.2,100.2,Goalkeeper,Left,Mazandaran,Sepahan,Professional,Goalkeeper
A0412,26,194,75,7.6,3.54,62.2,7.73,100.1,104.5,121.0,Defender,Right,Isfahan,Gol Gohar,Professional,Midfielder
A0413,17,153,52,6.2,4.63,66.7,9.37,60.0,93.5,106.1,Goalkeeper,Left,Yazd,Zob Ahan,Professional,Goalkeeper
A0414,26,173,45,6.0,3.56,57.9,7.83,83.2,94.6,66.8,Forward,Left,Qom,Sepahan,Professional,Forward
A0415,14,195,79,1.6,4.89,51.4,11.57,83.1,83.7,58.6,Goalkeeper,Right,Qom,Sepahan,Semi-Professional,Goalkeeper
A0416,26,170,52,5.2,4.5,40.6,11.0,55.9,98.6,101.3,Defender,Left,Tehran,Shams Azar,Professional,Midfielder
A0417,21,192,79,6.2,4.44,56.0,9.29,69.2,92.0,63.3,Defender,Right,Qom,Shams Azar,Professional,Midfielder
A0418,20,158,91,6.7,3.52,52.3,9.34,63.0,89.0,55.9,Defender,Left,Qom,Shams Azar,Professional,Midfielder
A0419,16,170,72,3.2,5.2,45.0,10.89,60.2,99.4,53.5,Midfielder,Right,Isfahan,Zob Ahan,Semi-Professional,Defender
A0420,24,156,52,5.7,4.74,61.7,10.16,95.2,86.4,74.9,Forward,Right,Khuzestan,Shams Azar,Professional,Midfielder
A0421,27,187,53,7.7,4.61,57.5,10.1,115.9,73.3,98.0,Forward,Right,Mazandaran,Gol Gohar,Professional,Forward
A0422,21,167,72,6.7,4.77,47.1,8.0,100.1,78.7,54.8,Goalkeeper,Right,Alborz,Foolad,Professional,Goalkeeper
A0423,27,150,72,12.0,4.9,58.8,10.46,59.4,71.0,55.9,Midfielder,Right,Alborz,Shams Azar,Professional,Defender
A0424,26,160,88,12.0,4.7,48.8,7.96,65.1,71.7,68.9,Goalkeeper,Left,East Azerbaijan,Nassaji,Professional,Goalkeeper
A0425,18,150,92,5.4,4.25,66.2,10.17,100.0,89.7,64.3,Midfielder,Left,Isfahan,Esteghlal,Professional,Forward
A0426,17,175,67,2.1,4.25,52.6,9.87,50.2,50.0,72.3,Defender,Left,Isfahan,Nassaji,Semi-Professional,Midfielder
A0427,17,158,67,5.2,3.54,56.8,8.91,67.8,44.8,120.2,Midfielder,Right,Kerman,Nassaji,Professional,Defender
A0428,16,170,70,3.6,5.21,46.8,8.16,56.5,83.4,85.5,Goalkeeper,Left,Mazandaran,Foolad,Professional,Goalkeeper
A0429,14,177,60,2.7,4.77,43.2,9.11,84.5,70.2,48.0,Defender,Right,Qom,Sepahan,Semi-Professional,Defender
A0430,24,152,62,12.0,4.94,59.6,7.6,77.7,66.7,88.3,Goalkeeper,Left,Isfahan,Foolad,Professional,Goalkeeper
A0431,23,195,71,5.8,4.94,40.3,9.09,79.4,66.1,66.1,Goalkeeper,Right,Yazd,Esteghlal,Professional,Goalkeeper
A0432,16,171,68,4.5,4.16,52.4,10.61,76.1,50.9,57.8,Defender,Right,Alborz,Nassaji,Professional,Defender
A0433,22,169,91,7.0,4.77,43.3,9.6,107.1,99.8,60.4,Goalkeeper,Left,Isfahan,Nassaji,Professional,Goalkeeper
A0434,28,151,55,11.9,4.48,46.0,11.04,98.1,103.5,101.9,Forward,Left,Kerman,Paykan,Professional,Midfielder
A0435,17,150,55,4.5,4.49,63.7,10.11,60.4,55.0,66.6,Defender,Left,Tehran,Sepahan,Professional,Midfielder
A0436,16,167,48,4.1,3.98,50.7,9.39,63.1,84.7,93.3,Midfielder,Left,Tehran,Esteghlal,Professional,Midfielder
A0437,19,167,56,4.1,3.54,63.5,10.49,91.0,56.7,97.7,Forward,Right,Khuzestan,Foolad,Professional,Forward
A0438,24,159,73,6.1,4.73,62.6,8.42,92.7,77.3,97.7,Defender,Right,Kerman,Paykan,Professional,Midfielder
A0439,16,154,72,2.7,5.26,40.0,11.23,71.3,41.3,86.6,Goalkeeper,Right,Khorasan Razavi,Persepolis,Beginner,Goalkeeper
A0440,12,150,51,1.3,5.13,36.9,11.47,77.4,60.1,65.1,Goalkeeper,Right,Tehran,Persepolis,Beginner,Goalkeeper
A0441,15,182,71,1.9,5.08,46.6,10.77,95.9,95.8,46.8,Goalkeeper,Right,Isfahan,Foolad,Semi-Professional,Goalkeeper
A0442,22,157,68,10.2,5.04,58.2,9.91,90.4,91.0,107.1,Goalkeeper,Left,Mazandaran,Gol Gohar,Professional,Goalkeeper
A0443,14,150,54,3.1,3.75,50.7,12.33,44.2,78.5,64.5,Forward,Left,Khuzestan,Nassaji,Semi-Professional,Forward
A0444,25,188,85,7.5,4.81,47.3,9.87,96.8,71.1,71.7,Defender,Right,Khorasan Razavi,Gol Gohar,Professional,Defender
A0445,23,185,75,11.4,4.82,54.9,11.43,83.0,114.9,108.7,Defender,Right,Alborz,Sepahan,Professional,Midfielder
A0446,16,174,91,1.9,5.25,56.1,8.34,88.0,51.6,58.9,Forward,Right,Fars,Nassaji,Professional,Forward
A0447,28,194,64,10.5,4.53,58.9,7.84,109.3,57.5,81.3,Forward,Left,Qom,Shams Azar,Professional,Defender
A0448,19,177,55,4.2,3.61,65.0,9.46,77.5,103.3,69.9,Forward,Left,Yazd,Zob Ahan,Professional,Defender
A0449,13,173,86,1.7,3.97,47.3,9.35,49.2,40.3,99.5,Defender,Right,Khorasan Razavi,Foolad,Semi-Professional,Forward
A0450,13,186,75,1.0,4.18,35.5,9.19,62.3,85.8,72.2,Forward,Right,Gilan,Sepahan,Semi-Professional,Defender
A0451,24,180,82,11.5,3.25,60.9,10.38,78.6,92.3,110.1,Midfielder,Left,Fars,Gol Gohar,Professional,Midfielder
A0452,25,152,90,11.5,3.94,59.0,8.15,89.1,67.5,96.7,Goalkeeper,Left,Isfahan,Nassaji,Professional,Goalkeeper
A0453,21,160,49,5.1,4.06,45.0,8.9,65.8,77.4,49.7,Goalkeeper,Left,East Azerbaijan,Zob Ahan,Professional,Goalkeeper
A0454,16,178,68,3.6,4.57,39.8,9.96,100.2,94.5,88.7,Goalkeeper,Right,Isfahan,Foolad,Professional,Goalkeeper
A0455,24,154,59,7.5,4.17,54.1,11.67,57.6,110.5,97.9,Midfielder,Right,Khuzestan,Gol Gohar,Professional,Midfielder
A0456,27,163,89,12.0,3.45,61.1,7.97,100.7,98.2,114.2,Forward,Right,Tehran,Tractor,Professional,Midfielder
A0457,25,167,61,10.2,3.38,53.3,10.81,92.1,71.9,60.2,Midfielder,Left,Fars,Tractor,Professional,Forward
A0458,25,180,75,9.3,4.79,55.9,10.2,100.0,64.6,87.0,Midfielder,Right,Fars,Nassaji,Professional,Midfielder
A0459,22,157,88,6.5,4.29,53.7,8.23,97.6,63.9,78.3,Defender,Left,Khorasan Razavi,Gol Gohar,Professional,Defender
A0460,18,193,81,7.0,3.99,48.0,11.22,98.0,68.8,97.4,Midfielder,Right,Fars,Nassaji,Professional,Forward
A0461,17,185,83,2.8,4.24,55.8,10.77,108.6,36.3,103.2,Goalkeeper,Left,Isfahan,Nassaji,Professional,Goalkeeper
A0462,15,190,73,3.0,4.95,59.2,11.36,65.2,95.7,107.9,Forward,Right,Khuzestan,Tractor,Professional,Midfielder
A0463,20,192,61,4.8,5.1,55.0,11.71,64.3,94.5,98.4,Defender,Left,Khorasan Razavi,Shams Azar,Professional,Midfielder
A0464,18,189,86,4.3,3.59,51.8,9.61,77.0,45.1,90.9,Goalkeeper,Left,Yazd,Foolad,Professional,Goalkeeper
A0465,17,170,58,2.5,3.49,56.4,10.67,99.8,39.9,118.8,Midfielder,Right,Khorasan Razavi,Tractor,Professional,Forward
A0466,19,174,61,6.3,3.97,57.5,10.17,81.9,46.5,108.8,Forward,Left,Khorasan Razavi,Zob Ahan,Professional,Forward
A0467,12,176,49,1.2,4.63,48.9,10.78,51.5,93.4,89.9,Goalkeeper,Left,Khuzestan,Nassaji,Professional,Goalkeeper
A0468,12,160,78,1.5,5.19,35.1,10.12,82.4,44.7,46.7,Defender,Left,East Azerbaijan,Nassaji,Beginner,Defender
A0469,23,195,80,9.0,4.17,55.8,11.63,84.8,101.1,62.5,Midfielder,Right,Khorasan Razavi,Nassaji,Professional,Forward
A0470,26,177,83,12.0,4.71,60.7,9.91,98.8,58.3,92.4,Midfielder,Left,Kerman,Esteghlal,Professional,Midfielder
A0471,25,161,67,6.7,3.78,43.5,7.76,87.1,77.8,50.1,Midfielder,Right,Gilan,Tractor,Professional,Forward
A0472,20,195,83,8.7,4.77,58.0,10.62,110.3,50.5,56.1,Goalkeeper,Right,Mazandaran,Sepahan,Professional,Goalkeeper
A0473,24,165,81,4.4,3.56,52.1,9.75,95.3,73.9,65.9,Forward,Right,Kerman,Foolad,Professional,Forward
A0474,23,175,50,8.2,3.93,53.0,9.74,108.7,72.4,47.2,Goalkeeper,Right,Isfahan,Gol Gohar,Professional,Goalkeeper
A0475,25,164,55,5.3,4.81,61.4,7.81,56.7,37.1,76.5,Forward,Left,Alborz,Sepahan,Professional,Defender
A0476,26,157,53,7.9,3.67,65.9,10.52,77.8,76.7,85.0,Forward,Right,Isfahan,Foolad,Professional,Midfielder
A0477,14,172,80,3.2,3.96,61.4,8.18,61.6,65.2,89.1,Midfielder,Left,Alborz,Nassaji,Professional,Defender
A0478,28,156,53,7.8,4.12,64.7,11.03,62.8,70.7,101.3,Goalkeeper,Right,Khorasan Razavi,Esteghlal,Professional,Goalkeeper
A0479,17,167,46,4.1,4.41,41.7,9.3,68.8,59.1,56.9,Forward,Left,Khorasan Razavi,Foolad,Semi-Professional,Defender
A0480,20,183,83,6.0,4.2,59.1,8.55,57.6,40.7,72.4,Forward,Left,Kerman,Persepolis,Professional,Defender
A0481,20,181,58,4.0,3.85,56.4,7.72,104.6,91.0,95.0,Goalkeeper,Right,Fars,Gol Gohar,Professional,Goalkeeper
A0482,16,150,87,3.5,4.08,43.2,10.99,78.0,74.7,51.2,Goalkeeper,Left,Khorasan Razavi,Shams Azar,Semi-Professional,Goalkeeper
A0483,16,156,51,2.9,4.86,59.1,9.01,55.0,61.7,117.2,Forward,Right,East Azerbaijan,Shams Azar,Professional,Defender
A0484,12,159,71,1.6,4.7,48.7,11.4,61.8,52.2,91.2,Forward,Right,East Azerbaijan,Gol Gohar,Semi-Professional,Midfielder
A0485,25,167,64,6.2,4.5,61.0,11.29,94.2,42.7,115.3,Defender,Left,Qom,Shams Azar,Professional,Midfielder
A0486,27,168,49,12.0,3.2,52.6,7.58,91.2,50.6,70.0,Defender,Right,Alborz,Foolad,Professional,Forward
A0487,18,177,82,6.8,3.83,64.6,10.68,84.6,107.5,98.1,Forward,Left,Qom,Sepahan,Professional,Midfielder
A0488,18,166,53,4.4,3.8,48.3,9.76,95.1,45.4,89.8,Midfielder,Left,Khuzestan,Zob Ahan,Professional,Forward
A0489,25,179,46,12.0,3.31,45.5,11.57,100.4,100.0,94.1,Forward,Right,Kerman,Esteghlal,Professional,Midfielder
A0490,28,179,48,6.3,3.96,43.3,11.4,99.8,51.7,74.5,Defender,Right,Gilan,Nassaji,Professional,Forward
A0491,16,169,85,2.9,5.22,51.2,8.22,74.6,38.0,81.9,Forward,Left,Tehran,Persepolis,Semi-Professional,Defender
A0492,27,161,60,12.0,4.29,64.4,10.16,94.0,109.4,75.9,Defender,Left,Mazandaran,Foolad,Professional,Midfielder
A0493,15,187,76,2.6,3.97,58.5,11.43,63.5,61.6,59.6,Forward,Right,Khuzestan,Sepahan,Semi-Professional,Forward
A0494,26,167,45,12.0,3.95,57.6,10.55,70.5,79.9,79.1,Defender,Left,Yazd,Foolad,Professional,Midfielder
A0495,14,191,75,2.1,4.37,53.9,11.39,58.0,94.2,90.0,Goalkeeper,Right,Alborz,Sepahan,Professional,Goalkeeper
A0496,15,181,88,2.9,4.94,60.1,9.04,65.1,83.8,62.9,Goalkeeper,Right,Alborz,Persepolis,Professional,Goalkeeper
A0497,23,188,85,10.5,4.88,61.8,11.95,78.3,76.4,69.2,Defender,Right,Qom,Esteghlal,Professional,Forward
A0498,15,163,47,3.9,5.08,49.3,8.03,90.9,79.5,100.5,Forward,Left,Khuzestan,Paykan,Professional,Midfielder
A0499,16,154,73,3.3,4.14,40.9,9.06,54.8,54.2,101.9,Midfielder,Left,Alborz,Gol Gohar,Semi-Professional,Defender
A0500,17,168,49,4.3,3.91,54.2,10.58,98.7,106.3,88.9,Forward,Left,Khorasan Razavi,Gol Gohar,Professional,Midfielder
