match_id,home_team,away_team,home_rating,away_rating,home_form,away_form,home_xg,away_xg,home_goals,away_goals,result
M0001,Esteghlal,Tractor,61.7,82.0,-0.34,0.51,0.6,1.73,0,5,AwayWin
M0002,Persepolis,Nassaji,74.7,75.2,-0.84,0.1,1.21,1.01,0,0,Draw
M0003,Shams Azar,Tractor,76.5,69.2,-0.39,0.7,1.72,0.8,0,2,AwayWin
M0004,Zob Ahan,Mes Kerman,77.6,55.6,-0.04,-0.23,2.09,0.1,2,0,HomeWin
M0005,Paykan,Gol Gohar,66.6,66.3,0.84,-0.52,1.4,0.61,3,0,HomeWin
M0006,Esteghlal,Foolad,81.8,57.5,-0.75,-0.64,1.7,0.1,1,0,HomeWin
M0007,Paykan,Zob Ahan,70.8,59.0,-0.85,-0.5,1.46,0.51,3,2,HomeWin
M0008,Foolad,Mes Kerman,63.1,84.5,-0.36,0.08,0.1,1.78,0,2,AwayWin
M0009,Sepahan,Paykan,62.6,79.5,-0.58,-0.26,0.58,1.39,2,1,HomeWin
M0010,Nassaji,Esteghlal,63.9,74.4,-0.4,0.93,0.46,2.01,0,0,Draw
M0011,Zob Ahan,Nassaji,69.7,62.4,-0.24,0.32,1.52,1.05,0,4,AwayWin
M0012,Foolad,Malavan,62.1,55.9,0.45,0.24,1.95,1.14,6,2,HomeWin
M0013,Mes Kerman,Paykan,80.4,63.6,0.92,-0.07,2.64,0.33,3,2,HomeWin
M0014,Paykan,Zob Ahan,56.3,64.1,-0.46,-0.5,0.9,1.36,0,1,AwayWin
M0015,Foolad,Sepahan,69.6,55.6,-0.98,-0.93,1.38,0.37,1,0,HomeWin
M0016,Persepolis,Gol Gohar,84.6,73.2,0.91,-0.12,1.97,0.83,1,0,HomeWin
M0017,Sepahan,Tractor,83.8,76.6,-0.53,0.31,1.19,0.96,1,1,Draw
M0018,Mes Kerman,Foolad,87.2,55.5,0.69,0.7,2.87,0.1,1,0,HomeWin
M0019,Persepolis,Paykan,57.6,61.7,0.14,0.66,1.3,1.22,1,0,HomeWin
M0020,Paykan,Gol Gohar,66.1,68.5,0.3,-0.06,1.61,1.24,0,0,Draw
M0021,Sepahan,Malavan,55.8,75.1,0.62,0.02,0.94,1.79,1,2,AwayWin
M0022,Mes Kerman,Sepahan,67.6,87.9,-0.84,-0.85,0.41,1.35,0,2,AwayWin
M0023,Mes Kerman,Persepolis,83.0,72.4,-0.9,-0.06,1.38,0.67,1,0,HomeWin
M0024,Tractor,Zob Ahan,63.0,80.3,-0.28,-0.09,0.64,1.44,0,2,AwayWin
M0025,Gol Gohar,Paykan,71.7,85.2,0.31,0.21,0.85,1.6,2,2,Draw
M0026,Paykan,Mes Kerman,59.6,63.6,-0.43,-0.37,0.72,1.06,2,3,AwayWin
M0027,Persepolis,Nassaji,63.7,73.3,0.86,0.49,1.04,1.33,1,1,Draw
M0028,Shams Azar,Zob Ahan,84.8,66.7,-0.2,0.11,2.07,0.28,5,0,HomeWin
M0029,Gol Gohar,Shams Azar,85.1,75.8,0.48,-0.13,2.02,0.85,4,0,HomeWin
M0030,Esteghlal,Malavan,74.6,77.2,-0.09,-0.36,0.97,1.2,0,1,AwayWin
M0031,Nassaji,Gol Gohar,56.6,72.1,0.05,0.02,0.96,1.52,0,2,AwayWin
M0032,Mes Kerman,Tractor,69.2,64.2,0.76,-0.37,1.71,0.59,1,0,HomeWin
M0033,Sepahan,Gol Gohar,86.0,63.6,0.21,-0.79,2.12,0.1,0,0,Draw
M0034,Shams Azar,Sepahan,55.9,84.8,0.92,0.08,0.69,1.84,1,2,AwayWin
M0035,Mes Kerman,Nassaji,72.2,82.4,-0.41,-0.78,0.85,1.39,1,1,Draw
M0036,Foolad,Mes Kerman,58.8,66.7,-0.84,0.59,0.78,1.48,1,3,AwayWin
M0037,Gol Gohar,Esteghlal,69.3,85.8,0.59,-0.36,1.08,1.65,1,1,Draw
M0038,Sepahan,Malavan,67.4,86.1,0.35,-0.47,0.48,1.78,1,2,AwayWin
M0039,Mes Kerman,Tractor,55.1,57.2,0.12,-0.58,1.07,0.92,0,0,Draw
M0040,Paykan,Tractor,76.0,71.0,0.31,-0.64,1.5,0.54,1,1,Draw
M0041,Gol Gohar,Paykan,70.9,58.2,-0.78,0.76,1.65,0.79,3,1,HomeWin
M0042,Persepolis,Zob Ahan,78.0,78.3,0.55,-0.03,1.69,1.09,1,0,HomeWin
M0043,Shams Azar,Tractor,84.4,80.8,-0.88,0.54,0.95,1.05,1,2,AwayWin
M0044,Mes Kerman,Tractor,66.2,82.0,-0.38,-0.18,0.56,1.39,0,3,AwayWin
M0045,Paykan,Shams Azar,55.7,78.8,0.6,-0.82,0.74,1.87,1,2,AwayWin
M0046,Tractor,Sepahan,82.7,68.1,0.44,-0.42,1.86,0.37,2,0,HomeWin
M0047,Esteghlal,Paykan,58.4,68.1,-0.03,-0.69,0.78,1.04,1,0,HomeWin
M0048,Persepolis,Nassaji,76.6,59.3,0.48,-0.46,1.93,0.1,3,0,HomeWin
M0049,Paykan,Sepahan,58.2,74.4,-0.22,0.66,0.78,2.07,0,2,AwayWin
M0050,Persepolis,Gol Gohar,87.0,74.0,-0.25,-0.14,1.55,0.54,1,1,Draw
M0051,Zob Ahan,Esteghlal,87.8,79.0,0.9,0.53,2.14,0.95,1,1,Draw
M0052,Nassaji,Malavan,58.6,65.3,-0.71,0.26,0.5,1.46,0,2,AwayWin
M0053,Zob Ahan,Malavan,82.7,72.3,0.68,0.52,1.72,0.91,3,2,HomeWin
M0054,Foolad,Tractor,79.9,81.2,0.09,-0.37,1.38,0.91,4,0,HomeWin
M0055,Mes Kerman,Persepolis,67.4,80.0,-0.68,0.5,0.32,1.68,1,1,Draw
M0056,Shams Azar,Nassaji,59.6,83.8,-0.16,-0.98,0.1,1.9,0,2,AwayWin
M0057,Gol Gohar,Malavan,76.5,59.7,0.05,-0.59,2.06,0.43,2,2,Draw
M0058,Sepahan,Tractor,72.3,82.4,-0.98,-0.17,0.29,1.13,1,0,HomeWin
M0059,Mes Kerman,Persepolis,72.7,65.9,-0.88,-0.06,1.01,0.75,1,2,AwayWin
M0060,Zob Ahan,Malavan,79.1,67.1,0.53,0.87,2.03,1.07,1,0,HomeWin
M0061,Tractor,Gol Gohar,60.9,73.6,-0.75,0.04,0.58,1.49,1,5,AwayWin
M0062,Esteghlal,Foolad,87.6,58.0,0.61,-0.71,2.53,0.1,2,0,HomeWin
M0063,Nassaji,Zob Ahan,76.9,65.8,0.0,-0.77,1.78,0.37,2,0,HomeWin
M0064,Shams Azar,Persepolis,84.1,82.8,0.91,0.89,1.92,1.49,4,2,HomeWin
M0065,Esteghlal,Zob Ahan,83.2,80.4,-0.31,-0.15,1.36,1.18,1,3,AwayWin
M0066,Gol Gohar,Paykan,61.4,74.3,-0.34,0.82,0.9,1.84,0,2,AwayWin
M0067,Zob Ahan,Esteghlal,87.9,78.2,-0.45,-0.89,1.55,0.17,2,0,HomeWin
M0068,Sepahan,Shams Azar,79.7,76.4,0.09,-0.79,1.39,0.78,2,1,HomeWin
M0069,Persepolis,Esteghlal,69.6,78.4,-0.37,0.72,0.67,1.87,1,4,AwayWin
M0070,Paykan,Gol Gohar,72.0,86.0,-0.19,0.68,0.77,1.57,1,1,Draw
M0071,Nassaji,Esteghlal,64.1,61.6,0.01,-0.65,1.55,0.99,0,0,Draw
M0072,Gol Gohar,Persepolis,66.3,73.7,0.39,0.13,1.14,1.17,0,1,AwayWin
M0073,Paykan,Mes Kerman,86.9,80.3,0.58,-0.56,1.72,0.42,1,1,Draw
M0074,Tractor,Sepahan,65.2,67.5,-0.43,-0.44,1.08,0.97,1,0,HomeWin
M0075,Foolad,Gol Gohar,78.0,63.7,-0.02,0.16,1.77,0.74,3,1,HomeWin
M0076,Shams Azar,Malavan,62.0,78.2,-0.31,0.62,0.71,1.71,1,2,AwayWin
M0077,Tractor,Gol Gohar,62.2,63.6,0.84,0.03,1.66,1.14,1,3,AwayWin
M0078,Persepolis,Mes Kerman,66.8,84.7,-0.68,-0.05,0.21,1.95,0,1,AwayWin
M0079,Shams Azar,Sepahan,79.8,69.5,0.23,0.19,1.92,0.94,1,2,AwayWin
M0080,Zob Ahan,Foolad,56.3,85.7,-0.53,0.87,0.17,2.2,0,2,AwayWin
M0081,Sepahan,Paykan,60.5,64.9,0.19,0.4,1.21,1.66,1,2,AwayWin
M0082,Persepolis,Gol Gohar,81.2,59.7,-0.31,-0.21,2.01,0.37,1,0,HomeWin
M0083,Sepahan,Foolad,83.3,69.4,0.45,-0.69,2.07,0.54,0,0,Draw
M0084,Persepolis,Shams Azar,73.1,68.0,-0.58,-0.06,1.2,0.88,0,1,AwayWin
M0085,Gol Gohar,Sepahan,68.2,65.8,-0.43,0.35,1.45,1.2,1,2,AwayWin
M0086,Paykan,Sepahan,80.3,67.2,-0.32,0.65,1.76,1.02,2,0,HomeWin
M0087,Tractor,Gol Gohar,69.4,66.2,0.31,-0.15,1.42,0.87,1,1,Draw
M0088,Sepahan,Nassaji,77.5,82.5,-0.07,-0.83,1.18,0.75,2,0,HomeWin
M0089,Paykan,Shams Azar,67.7,70.0,-0.03,0.92,1.14,1.67,0,1,AwayWin
M0090,Paykan,Nassaji,71.6,80.8,0.42,0.69,1.38,1.43,0,3,AwayWin
M0091,Esteghlal,Zob Ahan,86.3,78.3,-0.48,0.03,1.5,1.05,1,0,HomeWin
M0092,Nassaji,Shams Azar,67.1,84.3,0.37,-0.5,0.66,1.4,1,0,HomeWin
M0093,Gol Gohar,Nassaji,55.6,65.7,0.27,0.19,0.92,1.24,1,0,HomeWin
M0094,Persepolis,Tractor,79.0,75.9,-0.14,-0.45,1.65,0.95,2,1,HomeWin
M0095,Nassaji,Esteghlal,57.5,67.3,-0.71,0.95,0.71,2.0,0,1,AwayWin
M0096,Malavan,Foolad,68.9,55.7,0.9,-0.49,2.28,0.7,2,0,HomeWin
M0097,Foolad,Gol Gohar,75.3,72.8,0.59,0.39,1.37,1.19,0,1,AwayWin
M0098,Mes Kerman,Sepahan,64.1,77.2,0.21,0.82,0.97,1.71,1,1,Draw
M0099,Foolad,Shams Azar,74.8,87.2,-0.36,-0.56,0.37,1.23,0,0,Draw
M0100,Mes Kerman,Paykan,82.3,74.4,0.27,-0.34,1.66,0.96,0,0,Draw
M0101,Gol Gohar,Shams Azar,60.0,83.2,-0.0,0.06,0.17,1.87,0,2,AwayWin
M0102,Nassaji,Paykan,87.5,57.7,0.5,0.06,2.57,0.23,2,0,HomeWin
M0103,Paykan,Gol Gohar,73.6,68.7,0.53,0.5,1.58,1.25,2,2,Draw
M0104,Zob Ahan,Tractor,62.0,58.7,-0.42,0.73,1.42,1.53,2,1,HomeWin
M0105,Foolad,Zob Ahan,80.4,75.8,0.33,0.37,1.7,1.15,2,1,HomeWin
M0106,Foolad,Shams Azar,60.2,83.8,-0.2,-0.99,0.47,1.74,1,0,HomeWin
M0107,Paykan,Mes Kerman,68.8,68.8,-0.62,-0.94,0.89,0.84,1,1,Draw
M0108,Esteghlal,Zob Ahan,75.1,60.5,0.25,0.37,2.26,0.43,3,0,HomeWin
M0109,Sepahan,Shams Azar,67.2,83.9,-0.65,0.87,0.62,1.88,0,2,AwayWin
M0110,Tractor,Mes Kerman,74.9,87.7,0.59,0.95,1.02,1.65,1,1,Draw
M0111,Nassaji,Persepolis,55.2,56.1,0.35,0.73,1.7,1.6,0,1,AwayWin
M0112,Mes Kerman,Shams Azar,59.0,80.6,0.29,0.07,0.27,1.87,0,1,AwayWin
M0113,Mes Kerman,Esteghlal,67.0,78.6,0.02,0.3,0.8,1.39,0,1,AwayWin
M0114,Persepolis,Tractor,67.1,76.7,-0.72,-0.51,0.62,1.12,0,1,AwayWin
M0115,Mes Kerman,Nassaji,79.8,80.0,-0.32,0.38,1.06,1.21,0,0,Draw
M0116,Esteghlal,Tractor,59.9,64.5,-0.56,-0.26,0.81,1.04,1,1,Draw
M0117,Nassaji,Mes Kerman,64.7,79.5,0.39,-0.71,0.74,1.3,1,0,HomeWin
M0118,Foolad,Sepahan,74.3,63.6,0.44,0.49,2.2,0.84,1,0,HomeWin
M0119,Sepahan,Malavan,83.1,65.4,-0.25,0.73,1.9,0.54,1,1,Draw
M0120,Persepolis,Zob Ahan,62.4,61.8,-0.7,0.22,1.18,0.93,0,1,AwayWin
M0121,Malavan,Esteghlal,82.7,82.9,0.57,0.05,1.36,0.95,2,0,HomeWin
M0122,Persepolis,Gol Gohar,73.3,72.6,0.48,0.75,1.8,1.07,1,0,HomeWin
M0123,Mes Kerman,Sepahan,77.8,76.5,-0.51,0.38,1.12,0.91,2,0,HomeWin
M0124,Persepolis,Tractor,72.2,57.0,-0.54,0.17,1.74,0.61,2,1,HomeWin
M0125,Persepolis,Shams Azar,57.8,61.5,0.08,-0.57,1.18,1.07,2,2,Draw
M0126,Malavan,Paykan,79.9,87.7,-0.5,-0.19,0.65,1.39,0,1,AwayWin
M0127,Malavan,Foolad,63.7,72.6,-0.32,0.36,0.82,1.61,0,1,AwayWin
M0128,Esteghlal,Zob Ahan,84.5,71.8,-0.01,-0.64,1.96,0.54,0,1,AwayWin
M0129,Malavan,Shams Azar,82.1,61.4,-0.78,-0.54,1.7,0.1,4,0,HomeWin
M0130,Gol Gohar,Sepahan,61.3,68.1,-0.66,-0.68,0.86,1.0,1,1,Draw
M0131,Mes Kerman,Foolad,62.5,63.7,0.87,0.67,1.52,1.26,2,1,HomeWin
M0132,Zob Ahan,Esteghlal,80.2,68.3,0.94,-0.29,2.34,0.87,1,1,Draw
M0133,Mes Kerman,Foolad,64.7,67.3,-0.36,0.58,0.95,1.43,0,0,Draw
M0134,Shams Azar,Nassaji,83.3,58.5,-0.51,-0.35,2.08,0.24,2,0,HomeWin
M0135,Mes Kerman,Nassaji,63.2,87.6,0.17,-0.88,0.13,1.55,0,1,AwayWin
M0136,Nassaji,Sepahan,84.1,57.4,0.95,0.46,2.94,0.55,4,0,HomeWin
M0137,Malavan,Foolad,73.4,82.0,0.38,-0.72,1.27,1.37,3,2,HomeWin
M0138,Gol Gohar,Shams Azar,62.5,67.0,-0.6,0.94,0.74,1.65,1,3,AwayWin
M0139,Shams Azar,Esteghlal,85.1,71.9,-0.97,-0.13,1.16,0.6,2,1,HomeWin
M0140,Mes Kerman,Persepolis,73.7,87.1,0.56,0.06,1.17,1.8,0,5,AwayWin
M0141,Foolad,Shams Azar,69.9,84.1,0.48,0.3,0.67,1.79,0,3,AwayWin
M0142,Esteghlal,Nassaji,74.0,55.2,0.66,-0.96,2.15,0.1,1,0,HomeWin
M0143,Gol Gohar,Paykan,70.1,77.0,0.54,0.15,1.15,1.62,1,1,Draw
M0144,Sepahan,Persepolis,55.9,74.9,0.69,0.56,0.84,2.23,0,1,AwayWin
M0145,Tractor,Foolad,65.0,69.0,-0.46,0.87,0.79,1.46,0,3,AwayWin
M0146,Nassaji,Tractor,67.6,69.7,-0.2,-0.59,1.06,1.16,0,0,Draw
M0147,Paykan,Shams Azar,59.0,80.0,-0.76,-0.02,0.22,1.98,0,3,AwayWin
M0148,Foolad,Paykan,58.7,70.1,-0.99,0.61,0.39,1.93,0,4,AwayWin
M0149,Mes Kerman,Persepolis,76.5,81.7,0.75,-0.97,1.67,1.08,1,1,Draw
M0150,Esteghlal,Tractor,72.1,59.6,-0.06,-0.92,1.83,0.17,2,0,HomeWin
M0151,Zob Ahan,Sepahan,60.8,72.1,-0.7,0.62,0.67,1.63,2,1,HomeWin
M0152,Gol Gohar,Foolad,75.5,55.9,-0.95,-0.94,1.69,0.23,0,0,Draw
M0153,Shams Azar,Zob Ahan,80.2,78.8,-0.66,-0.8,1.0,0.6,1,1,Draw
M0154,Zob Ahan,Paykan,69.5,83.3,0.62,-1.0,0.98,1.47,0,1,AwayWin
M0155,Paykan,Mes Kerman,78.6,70.8,0.5,0.7,1.63,0.9,0,1,AwayWin
M0156,Persepolis,Sepahan,78.7,64.3,0.23,-0.5,1.82,0.56,2,1,HomeWin
M0157,Foolad,Sepahan,65.8,67.4,-0.71,0.47,1.16,1.47,4,2,HomeWin
M0158,Zob Ahan,Gol Gohar,55.4,70.9,0.72,-0.62,1.19,1.71,2,1,HomeWin
M0159,Mes Kerman,Foolad,76.6,72.0,-0.33,0.99,1.16,1.19,2,0,HomeWin
M0160,Gol Gohar,Paykan,63.7,80.8,-0.15,-0.95,0.58,1.12,2,1,HomeWin
M0161,Gol Gohar,Foolad,69.9,73.3,0.88,0.93,1.8,1.35,3,2,HomeWin
M0162,Mes Kerman,Gol Gohar,72.3,80.7,0.13,0.06,0.74,1.43,1,1,Draw
M0163,Sepahan,Persepolis,77.5,76.0,0.72,-0.55,1.91,0.98,3,0,HomeWin
M0164,Zob Ahan,Foolad,67.9,72.2,-0.16,-0.05,0.96,1.37,0,0,Draw
M0165,Mes Kerman,Shams Azar,77.0,61.9,0.47,0.19,1.83,0.79,0,1,AwayWin
M0166,Tractor,Nassaji,80.9,76.3,-0.22,-0.61,1.6,0.47,3,2,HomeWin
M0167,Nassaji,Sepahan,77.2,80.1,-0.98,-0.77,0.68,0.69,1,1,Draw
M0168,Persepolis,Paykan,79.5,70.0,-0.86,0.96,1.58,1.01,2,1,HomeWin
M0169,Nassaji,Zob Ahan,74.3,83.9,0.38,0.59,1.22,1.48,0,3,AwayWin
M0170,Malavan,Nassaji,82.6,86.8,-0.16,0.28,1.29,1.21,1,0,HomeWin
M0171,Shams Azar,Gol Gohar,68.8,82.6,0.97,-0.83,0.9,1.48,0,2,AwayWin
M0172,Persepolis,Shams Azar,73.5,82.6,-0.25,0.04,1.09,1.36,2,2,Draw
M0173,Tractor,Zob Ahan,74.1,78.4,0.21,0.63,1.34,1.19,2,1,HomeWin
M0174,Zob Ahan,Mes Kerman,79.6,69.2,0.82,-0.57,1.85,0.61,1,0,HomeWin
M0175,Esteghlal,Shams Azar,83.0,63.4,0.64,-0.31,2.62,0.15,1,0,HomeWin
M0176,Malavan,Foolad,80.4,60.3,0.12,0.73,2.24,0.8,2,1,HomeWin
M0177,Gol Gohar,Malavan,72.8,81.6,0.93,-0.37,1.2,1.53,0,2,AwayWin
M0178,Zob Ahan,Tractor,63.7,78.3,-0.3,0.61,0.83,1.98,1,0,HomeWin
M0179,Paykan,Foolad,85.0,78.1,0.12,0.51,1.65,0.98,1,0,HomeWin
M0180,Paykan,Mes Kerman,68.4,63.7,0.43,0.07,1.6,1.21,0,3,AwayWin
M0181,Paykan,Persepolis,65.7,62.4,0.65,-0.51,1.49,1.1,0,0,Draw
M0182,Mes Kerman,Tractor,63.1,62.5,0.3,-0.57,1.15,0.73,0,2,AwayWin
M0183,Shams Azar,Malavan,61.3,61.1,0.04,-0.2,1.37,1.26,1,2,AwayWin
M0184,Zob Ahan,Gol Gohar,67.0,85.5,-0.53,0.08,0.1,1.89,0,4,AwayWin
M0185,Shams Azar,Nassaji,72.7,58.5,0.65,-0.54,2.04,0.54,3,1,HomeWin
M0186,Nassaji,Shams Azar,74.5,57.1,0.99,-0.96,2.36,0.25,3,0,HomeWin
M0187,Mes Kerman,Foolad,73.8,86.3,0.46,0.43,0.98,1.81,2,3,AwayWin
M0188,Paykan,Shams Azar,86.2,59.8,0.08,0.36,2.28,0.1,3,1,HomeWin
M0189,Shams Azar,Zob Ahan,79.1,79.2,-0.5,0.2,1.25,0.98,0,1,AwayWin
M0190,Persepolis,Zob Ahan,57.9,86.2,0.15,0.9,0.16,2.35,0,1,AwayWin
M0191,Persepolis,Gol Gohar,66.7,78.3,0.76,-0.0,0.95,1.45,0,2,AwayWin
M0192,Persepolis,Paykan,63.5,84.0,-0.88,0.11,0.24,1.61,0,1,AwayWin
M0193,Gol Gohar,Nassaji,65.1,81.4,0.14,-0.25,0.45,1.39,0,3,AwayWin
M0194,Malavan,Sepahan,74.8,73.9,0.78,0.41,1.88,1.02,0,1,AwayWin
M0195,Esteghlal,Paykan,84.3,81.2,-0.76,0.87,1.38,1.06,2,0,HomeWin
M0196,Tractor,Malavan,60.1,75.2,-0.33,-0.09,0.66,1.8,2,0,HomeWin
M0197,Tractor,Zob Ahan,59.7,86.7,-0.02,0.59,0.1,1.99,1,5,AwayWin
M0198,Malavan,Gol Gohar,85.1,73.6,0.4,0.04,2.07,0.8,1,1,Draw
M0199,Malavan,Zob Ahan,68.3,67.4,-0.02,-0.02,1.22,1.05,1,1,Draw
M0200,Malavan,Esteghlal,72.4,56.4,0.89,-0.39,2.35,0.64,4,0,HomeWin
M0201,Tractor,Zob Ahan,86.8,56.7,0.65,0.75,2.91,0.32,2,1,HomeWin
M0202,Sepahan,Foolad,78.5,57.4,-0.59,-0.59,1.99,0.1,2,1,HomeWin
M0203,Tractor,Mes Kerman,81.9,82.4,0.97,0.97,1.86,1.38,1,0,HomeWin
M0204,Tractor,Malavan,77.1,84.1,-0.15,0.14,1.18,1.47,0,2,AwayWin
M0205,Mes Kerman,Esteghlal,68.7,68.7,-0.44,0.8,1.31,1.37,2,2,Draw
M0206,Tractor,Persepolis,76.0,58.8,0.8,-0.02,2.12,0.39,4,0,HomeWin
M0207,Foolad,Malavan,63.6,80.1,-0.21,0.77,0.38,1.7,1,1,Draw
M0208,Nassaji,Persepolis,58.7,56.3,-0.22,-0.83,1.42,0.47,1,1,Draw
M0209,Esteghlal,Mes Kerman,85.8,80.3,-0.62,-0.58,1.16,0.75,2,1,HomeWin
M0210,Tractor,Mes Kerman,56.9,67.5,0.89,0.01,1.07,1.55,0,1,AwayWin
M0211,Nassaji,Persepolis,82.8,74.9,-0.42,-0.68,1.48,0.48,0,0,Draw
M0212,Shams Azar,Paykan,55.6,78.8,0.45,-0.36,0.28,2.03,0,0,Draw
M0213,Esteghlal,Malavan,56.9,67.8,0.13,0.71,1.07,1.45,1,2,AwayWin
M0214,Zob Ahan,Foolad,77.6,67.8,0.82,-0.52,2.01,0.43,4,1,HomeWin
M0215,Foolad,Mes Kerman,79.1,86.8,-0.22,-0.49,0.7,1.34,0,1,AwayWin
M0216,Zob Ahan,Paykan,83.1,87.6,-0.75,0.25,0.64,1.29,1,2,AwayWin
M0217,Gol Gohar,Zob Ahan,77.0,59.4,0.06,-0.51,2.16,0.35,4,1,HomeWin
M0218,Gol Gohar,Mes Kerman,65.1,68.0,-0.06,0.09,1.13,1.48,3,2,HomeWin
M0219,Shams Azar,Zob Ahan,61.0,69.6,0.39,-0.23,1.21,1.18,2,2,Draw
M0220,Zob Ahan,Gol Gohar,70.5,83.6,-0.74,0.86,0.37,2.12,0,4,AwayWin
M0221,Esteghlal,Persepolis,65.9,58.0,0.86,-0.29,2.11,1.0,1,1,Draw
M0222,Nassaji,Shams Azar,66.2,60.8,-0.39,0.6,1.16,1.35,0,0,Draw
M0223,Paykan,Zob Ahan,60.2,73.2,-0.06,0.97,0.87,2.14,2,2,Draw
M0224,Zob Ahan,Shams Azar,67.5,60.6,-0.96,0.38,1.38,1.25,1,7,AwayWin
M0225,Sepahan,Malavan,64.9,68.0,-0.7,0.99,1.07,1.66,1,2,AwayWin
M0226,Paykan,Nassaji,55.5,84.4,-0.16,-0.66,0.29,1.7,0,4,AwayWin
M0227,Tractor,Gol Gohar,63.7,87.9,-0.32,-0.45,0.5,1.88,1,0,HomeWin
M0228,Paykan,Esteghlal,79.2,55.6,-0.24,0.81,2.08,0.28,4,1,HomeWin
M0229,Gol Gohar,Sepahan,86.1,78.7,0.1,-0.02,1.5,1.08,1,1,Draw
M0230,Shams Azar,Persepolis,55.8,59.2,0.52,-0.51,1.18,0.78,1,0,HomeWin
M0231,Persepolis,Esteghlal,78.9,79.3,-0.32,0.82,0.9,1.45,3,2,HomeWin
M0232,Sepahan,Foolad,85.3,85.6,-0.63,0.44,0.79,1.22,1,1,Draw
M0233,Malavan,Shams Azar,61.4,82.0,0.42,-0.01,0.77,1.8,1,3,AwayWin
M0234,Tractor,Gol Gohar,59.7,72.9,0.95,0.4,1.27,1.45,0,2,AwayWin
M0235,Malavan,Paykan,64.8,68.6,0.28,-0.56,1.11,0.94,0,0,Draw
M0236,Malavan,Foolad,64.3,60.3,-0.88,-0.01,1.35,0.69,2,1,HomeWin
M0237,Mes Kerman,Malavan,57.9,74.4,0.83,-0.28,1.08,1.69,0,2,AwayWin
M0238,Mes Kerman,Nassaji,67.2,64.9,-0.02,0.09,1.53,0.89,0,1,AwayWin
M0239,Nassaji,Gol Gohar,85.5,82.9,0.94,-0.07,2.02,0.96,1,1,Draw
M0240,Sepahan,Zob Ahan,67.6,83.7,-0.7,-0.27,0.34,1.76,1,2,AwayWin
M0241,Nassaji,Sepahan,63.9,61.5,-0.01,-0.68,1.59,0.99,1,1,Draw
M0242,Zob Ahan,Sepahan,71.1,77.0,-0.29,-0.79,1.22,1.15,1,1,Draw
M0243,Tractor,Nassaji,71.2,86.6,0.26,-0.32,0.67,1.6,1,1,Draw
M0244,Gol Gohar,Sepahan,67.2,87.0,-0.87,-0.11,0.11,1.58,0,1,AwayWin
M0245,Gol Gohar,Mes Kerman,85.2,87.1,0.57,0.11,1.5,1.1,0,0,Draw
M0246,Gol Gohar,Mes Kerman,73.9,85.1,0.42,0.22,1.21,1.42,2,2,Draw
M0247,Gol Gohar,Persepolis,72.5,70.3,0.8,0.89,1.84,1.07,1,2,AwayWin
M0248,Esteghlal,Shams Azar,63.1,75.9,-0.35,0.65,0.64,1.56,0,2,AwayWin
M0249,Shams Azar,Tractor,82.2,76.3,0.92,0.2,1.68,1.1,1,1,Draw
M0250,Zob Ahan,Nassaji,78.1,83.1,-0.4,-0.59,0.82,0.79,1,0,HomeWin
M0251,Sepahan,Shams Azar,75.7,73.3,0.19,0.52,1.24,1.06,0,1,AwayWin
M0252,Sepahan,Malavan,59.2,86.6,-0.75,0.74,0.1,2.24,0,4,AwayWin
M0253,Gol Gohar,Malavan,82.6,56.1,-0.43,0.13,2.23,0.45,0,1,AwayWin
M0254,Persepolis,Sepahan,59.6,58.4,-0.67,0.43,0.84,1.12,0,0,Draw
M0255,Gol Gohar,Persepolis,71.3,73.0,0.05,0.28,1.19,1.05,2,0,HomeWin
M0256,Foolad,Tractor,62.9,76.3,0.12,-0.9,1.02,1.09,0,0,Draw
M0257,Tractor,Sepahan,86.5,59.5,-0.36,-0.22,2.32,0.1,2,0,HomeWin
M0258,Zob Ahan,Paykan,57.2,61.6,-0.93,-0.54,0.75,0.97,0,2,AwayWin
M0259,Zob Ahan,Tractor,60.0,55.2,0.26,0.25,1.46,0.94,3,0,HomeWin
M0260,Foolad,Nassaji,58.9,64.4,-0.94,0.21,0.79,1.37,0,0,Draw
M0261,Esteghlal,Nassaji,81.6,79.5,0.75,-0.6,1.73,0.96,4,0,HomeWin
M0262,Malavan,Tractor,73.7,84.2,-0.5,0.02,0.57,1.3,0,1,AwayWin
M0263,Mes Kerman,Zob Ahan,78.8,70.1,-0.22,0.51,1.81,0.96,4,0,HomeWin
M0264,Esteghlal,Persepolis,75.4,83.3,0.89,0.86,1.22,1.61,1,0,HomeWin
M0265,Tractor,Mes Kerman,61.3,69.0,0.75,-0.85,1.24,0.79,2,0,HomeWin
M0266,Tractor,Persepolis,85.3,79.6,0.36,-0.94,1.93,0.56,0,0,Draw
M0267,Tractor,Shams Azar,83.7,74.1,0.11,-0.46,1.85,0.59,1,0,HomeWin
M0268,Malavan,Zob Ahan,56.0,71.4,0.66,-0.18,1.23,1.62,0,0,Draw
M0269,Foolad,Gol Gohar,78.7,61.7,-0.47,0.34,2.07,0.44,3,0,HomeWin
M0270,Zob Ahan,Paykan,86.4,71.1,-0.54,0.7,1.42,0.73,2,0,HomeWin
M0271,Malavan,Gol Gohar,79.0,72.8,-0.36,0.28,1.35,1.03,3,3,Draw
M0272,Zob Ahan,Persepolis,74.9,84.2,-0.33,-0.28,0.78,1.48,1,0,HomeWin
M0273,Shams Azar,Mes Kerman,59.8,66.3,0.27,0.49,1.36,1.54,3,4,AwayWin
M0274,Paykan,Esteghlal,63.4,73.2,0.88,0.48,1.37,1.78,1,3,AwayWin
M0275,Zob Ahan,Tractor,74.0,79.7,0.38,0.98,1.06,1.73,0,6,AwayWin
M0276,Persepolis,Gol Gohar,63.0,68.4,0.65,0.08,1.1,1.51,0,0,Draw
M0277,Persepolis,Foolad,61.1,80.6,-0.86,-0.49,0.45,1.56,0,2,AwayWin
M0278,Zob Ahan,Gol Gohar,61.9,69.1,0.18,-0.04,1.15,1.06,1,0,HomeWin
M0279,Esteghlal,Gol Gohar,78.1,83.4,-0.23,0.08,0.75,1.43,1,2,AwayWin
M0280,Esteghlal,Shams Azar,80.0,57.9,-0.5,-0.82,1.83,0.24,1,0,HomeWin
M0281,Gol Gohar,Tractor,74.9,70.5,-0.35,0.11,1.46,0.96,1,2,AwayWin
M0282,Esteghlal,Paykan,69.7,71.6,-0.07,0.39,1.13,1.56,1,2,AwayWin
M0283,Nassaji,Foolad,83.2,56.3,0.2,-0.15,2.57,0.39,1,0,HomeWin
M0284,Zob Ahan,Mes Kerman,84.9,80.5,-0.91,-0.63,1.02,0.84,1,1,Draw
M0285,Persepolis,Sepahan,60.4,59.4,0.96,0.21,1.44,1.14,3,1,HomeWin
M0286,Zob Ahan,Shams Azar,56.1,69.4,0.4,-0.87,0.68,1.49,1,1,Draw
M0287,Sepahan,Persepolis,55.8,57.9,-0.63,-0.61,1.06,0.99,1,2,AwayWin
M0288,Persepolis,Paykan,56.3,61.7,-0.4,0.49,0.86,1.38,1,1,Draw
M0289,Shams Azar,Esteghlal,65.0,81.8,-0.36,-0.51,0.47,1.34,1,0,HomeWin
M0290,Sepahan,Nassaji,73.3,75.7,0.72,-0.86,1.59,1.1,0,3,AwayWin
M0291,Sepahan,Foolad,75.7,68.6,0.25,0.88,1.88,1.1,1,0,HomeWin
M0292,Zob Ahan,Esteghlal,61.4,79.0,-0.25,-0.1,0.7,1.52,1,2,AwayWin
M0293,Malavan,Sepahan,63.0,72.2,-0.01,-0.85,0.99,1.07,2,1,HomeWin
M0294,Foolad,Nassaji,64.3,76.5,0.97,-0.32,1.4,1.48,3,3,Draw
M0295,Malavan,Paykan,74.8,80.9,-0.73,-0.33,0.88,1.48,1,0,HomeWin
M0296,Malavan,Foolad,85.8,83.9,0.19,-0.54,1.71,0.74,1,1,Draw
M0297,Gol Gohar,Paykan,77.3,64.2,0.2,0.34,1.72,0.83,3,2,HomeWin
M0298,Tractor,Shams Azar,74.2,60.7,0.45,0.75,2.1,0.71,2,1,HomeWin
M0299,Tractor,Nassaji,71.0,63.9,0.14,0.07,1.43,0.94,2,1,HomeWin
M0300,Tractor,Gol Gohar,85.6,70.0,0.98,0.17,2.18,0.65,1,0,HomeWin
M0301,Nassaji,Malavan,58.6,69.4,-0.37,-0.72,0.49,1.38,1,0,HomeWin
M0302,Persepolis,Paykan,72.7,59.2,-0.81,0.49,1.47,0.52,1,0,HomeWin
M0303,Paykan,Foolad,64.4,62.9,-0.56,0.21,1.29,1.38,1,0,HomeWin
M0304,Paykan,Gol Gohar,80.2,60.7,0.93,-0.23,2.48,0.1,2,1,HomeWin
M0305,Persepolis,Sepahan,63.1,68.4,-0.52,0.22,1.12,1.61,0,0,Draw
M0306,Malavan,Foolad,69.4,83.4,0.7,-0.11,0.86,1.76,0,1,AwayWin
M0307,Zob Ahan,Malavan,79.8,55.8,0.53,-0.59,2.58,0.1,2,0,HomeWin
M0308,Zob Ahan,Shams Azar,75.0,67.3,0.41,0.2,1.89,0.83,2,0,HomeWin
M0309,Tractor,Gol Gohar,84.6,67.5,0.76,0.92,2.4,0.86,1,1,Draw
M0310,Paykan,Gol Gohar,66.9,55.7,-0.13,-0.11,1.65,0.63,1,1,Draw
M0311,Sepahan,Tractor,62.2,74.3,0.03,0.06,0.65,1.27,0,0,Draw
M0312,Tractor,Persepolis,78.3,60.2,0.23,0.11,1.97,0.52,1,0,HomeWin
M0313,Zob Ahan,Foolad,83.7,61.1,-0.18,-0.67,1.87,0.3,6,0,HomeWin
M0314,Zob Ahan,Sepahan,62.8,81.7,-0.61,0.43,0.1,1.67,0,0,Draw
M0315,Persepolis,Shams Azar,73.3,67.2,-0.64,0.07,1.1,1.08,0,0,Draw
M0316,Foolad,Paykan,81.8,71.5,0.79,-0.21,1.83,0.65,2,0,HomeWin
M0317,Foolad,Shams Azar,63.1,60.8,-0.78,-0.5,1.16,1.0,0,1,AwayWin
M0318,Nassaji,Paykan,81.4,77.4,-0.21,0.08,1.32,1.0,3,3,Draw
M0319,Zob Ahan,Sepahan,71.6,71.5,0.61,-0.59,1.61,0.81,1,0,HomeWin
M0320,Zob Ahan,Foolad,67.3,65.4,-0.6,-0.97,1.1,0.78,0,3,AwayWin
M0321,Foolad,Nassaji,63.1,55.5,-0.55,-0.12,1.38,0.77,2,0,HomeWin
M0322,Esteghlal,Foolad,86.3,84.6,0.85,-0.41,1.44,0.88,2,1,HomeWin
M0323,Shams Azar,Paykan,70.7,85.8,0.74,-0.04,0.9,1.43,1,1,Draw
M0324,Mes Kerman,Shams Azar,63.9,55.8,-0.56,0.04,1.11,0.77,2,0,HomeWin
M0325,Esteghlal,Paykan,74.3,84.2,0.52,-0.13,1.12,1.5,2,1,HomeWin
M0326,Zob Ahan,Gol Gohar,76.8,69.5,0.45,-0.47,1.56,0.93,0,0,Draw
M0327,Zob Ahan,Tractor,56.4,65.0,0.91,-0.61,1.36,1.14,1,1,Draw
M0328,Tractor,Esteghlal,87.7,60.4,-0.93,0.45,2.19,0.13,2,0,HomeWin
M0329,Malavan,Nassaji,81.8,66.3,0.46,-0.26,2.09,0.74,5,0,HomeWin
M0330,Malavan,Paykan,72.2,64.2,0.19,0.79,1.53,0.81,1,1,Draw
M0331,Mes Kerman,Zob Ahan,56.7,74.5,0.6,-0.48,1.02,1.59,1,2,AwayWin
M0332,Persepolis,Paykan,71.7,68.6,-0.2,0.13,1.22,0.88,4,0,HomeWin
M0333,Zob Ahan,Nassaji,60.1,70.6,-0.94,0.88,0.27,1.62,1,3,AwayWin
M0334,Foolad,Tractor,75.1,60.4,-0.68,-0.35,1.54,0.21,0,0,Draw
M0335,Esteghlal,Tractor,72.8,71.3,-0.82,0.94,1.22,1.47,1,0,HomeWin
M0336,Sepahan,Gol Gohar,87.5,67.1,0.37,0.65,2.18,0.66,0,1,AwayWin
M0337,Esteghlal,Malavan,57.7,56.3,-1.0,0.85,1.13,1.59,2,2,Draw
M0338,Paykan,Foolad,59.6,70.3,0.7,-0.69,1.32,1.24,1,0,HomeWin
M0339,Zob Ahan,Gol Gohar,76.9,77.9,0.62,-0.28,1.51,0.91,3,1,HomeWin
M0340,Gol Gohar,Tractor,62.9,59.9,-0.69,-0.84,1.2,0.47,0,0,Draw
M0341,Sepahan,Persepolis,64.3,66.0,-0.36,-0.52,1.08,0.92,3,0,HomeWin
M0342,Mes Kerman,Tractor,84.6,76.7,-0.27,-0.22,1.42,0.48,3,0,HomeWin
M0343,Zob Ahan,Gol Gohar,69.8,81.9,0.49,0.41,1.11,1.94,2,1,HomeWin
M0344,Foolad,Nassaji,58.1,83.9,-0.33,-0.92,0.1,1.69,0,1,AwayWin
M0345,Sepahan,Nassaji,56.3,55.3,-0.28,-0.31,1.3,0.86,0,2,AwayWin
M0346,Sepahan,Zob Ahan,77.5,83.3,0.49,-0.45,1.2,1.16,2,2,Draw
M0347,Mes Kerman,Paykan,73.1,72.8,0.51,-0.91,1.42,0.72,2,3,AwayWin
M0348,Tractor,Zob Ahan,82.5,62.4,-0.47,0.78,2.13,0.86,3,0,HomeWin
M0349,Tractor,Shams Azar,62.9,55.1,-0.9,-0.85,1.43,0.55,2,2,Draw
M0350,Foolad,Malavan,76.9,71.4,0.16,0.07,1.62,1.1,4,1,HomeWin
M0351,Zob Ahan,Persepolis,65.8,63.1,-0.04,-0.8,1.65,0.86,0,0,Draw
M0352,Foolad,Nassaji,60.3,69.1,0.46,-0.28,1.29,1.18,3,0,HomeWin
M0353,Persepolis,Esteghlal,86.5,57.2,0.54,0.52,2.55,0.1,4,0,HomeWin
M0354,Nassaji,Mes Kerman,75.3,80.9,-0.29,-0.82,0.77,1.19,1,0,HomeWin
M0355,Paykan,Persepolis,87.7,60.4,-0.32,0.04,2.38,0.1,3,0,HomeWin
M0356,Zob Ahan,Persepolis,81.6,80.6,-0.2,-0.66,1.33,0.82,4,2,HomeWin
M0357,Nassaji,Zob Ahan,65.6,67.2,0.8,-0.93,1.37,0.87,0,1,AwayWin
M0358,Gol Gohar,Nassaji,79.7,55.2,-0.37,-0.07,1.91,0.1,3,0,HomeWin
M0359,Shams Azar,Gol Gohar,59.0,81.8,0.57,0.28,0.46,2.02,0,0,Draw
M0360,Persepolis,Esteghlal,86.0,76.9,1.0,0.39,2.25,1.22,4,2,HomeWin
M0361,Esteghlal,Gol Gohar,65.8,78.5,0.74,0.86,1.15,2.06,1,1,Draw
M0362,Persepolis,Tractor,74.0,74.2,-0.84,-0.9,0.84,0.95,2,3,AwayWin
M0363,Shams Azar,Mes Kerman,64.8,84.5,0.5,-0.92,0.96,1.42,1,0,HomeWin
M0364,Persepolis,Sepahan,86.3,74.4,-0.79,-0.05,1.44,0.58,1,1,Draw
M0365,Tractor,Persepolis,66.0,61.1,0.84,0.4,1.59,1.26,2,3,AwayWin
M0366,Zob Ahan,Esteghlal,77.5,83.9,0.15,0.46,1.31,1.48,0,2,AwayWin
M0367,Shams Azar,Foolad,66.4,68.3,0.18,0.82,1.17,1.3,1,2,AwayWin
M0368,Persepolis,Nassaji,74.5,79.6,0.38,0.15,1.44,1.38,2,0,HomeWin
M0369,Tractor,Esteghlal,79.1,77.6,-0.73,-0.56,1.34,0.9,3,0,HomeWin
M0370,Tractor,Shams Azar,59.8,78.9,0.57,0.74,0.66,1.97,1,1,Draw
M0371,Malavan,Sepahan,61.8,66.7,0.74,0.72,1.5,1.52,2,1,HomeWin
M0372,Esteghlal,Shams Azar,72.3,61.7,-0.78,-0.43,1.28,0.38,3,0,HomeWin
M0373,Foolad,Mes Kerman,62.4,61.6,0.73,0.68,1.9,1.17,2,2,Draw
M0374,Shams Azar,Paykan,76.2,59.8,-0.46,-0.26,1.62,0.19,2,0,HomeWin
M0375,Persepolis,Malavan,86.6,58.5,0.8,-0.5,2.59,0.22,7,1,HomeWin
M0376,Mes Kerman,Shams Azar,68.9,66.3,-0.04,-0.63,1.53,0.92,2,0,HomeWin
M0377,Zob Ahan,Mes Kerman,82.8,74.9,0.13,-0.81,1.65,0.36,1,0,HomeWin
M0378,Nassaji,Tractor,72.6,71.3,-0.14,0.12,1.41,0.86,1,1,Draw
M0379,Zob Ahan,Paykan,87.9,57.4,0.36,0.95,2.63,0.15,2,0,HomeWin
M0380,Paykan,Zob Ahan,59.0,64.3,0.18,-0.1,0.99,1.15,0,0,Draw
M0381,Foolad,Malavan,72.7,75.8,0.52,-0.91,1.5,0.91,2,2,Draw
M0382,Zob Ahan,Gol Gohar,58.3,71.6,-0.54,0.15,0.25,1.74,1,1,Draw
M0383,Mes Kerman,Persepolis,87.4,73.9,0.33,-0.61,2.17,0.25,0,0,Draw
M0384,Tractor,Foolad,59.4,70.2,0.32,-0.55,0.78,1.06,1,2,AwayWin
M0385,Malavan,Zob Ahan,60.1,57.1,0.8,-0.05,1.44,0.9,3,1,HomeWin
M0386,Sepahan,Nassaji,58.6,62.6,0.63,-0.47,1.4,1.11,7,2,HomeWin
M0387,Nassaji,Zob Ahan,60.7,82.6,-0.11,-0.37,0.44,1.99,2,2,Draw
M0388,Persepolis,Malavan,58.8,77.9,0.8,-0.54,0.98,1.85,0,4,AwayWin
M0389,Shams Azar,Sepahan,72.8,62.6,-0.75,0.82,1.41,1.09,1,1,Draw
M0390,Shams Azar,Persepolis,63.6,66.0,-0.73,-0.64,0.87,1.17,0,1,AwayWin
M0391,Malavan,Persepolis,72.1,75.6,-0.86,0.44,0.84,1.52,0,0,Draw
M0392,Foolad,Zob Ahan,56.0,80.3,0.56,0.55,0.67,2.36,1,2,AwayWin
M0393,Persepolis,Sepahan,77.7,70.9,0.61,-0.12,2.05,0.91,0,2,AwayWin
M0394,Sepahan,Zob Ahan,65.3,77.2,0.59,0.01,0.93,1.4,0,1,AwayWin
M0395,Malavan,Paykan,72.8,64.5,0.04,0.54,1.44,1.19,1,0,HomeWin
M0396,Zob Ahan,Shams Azar,56.3,69.3,-0.95,0.2,0.1,1.48,0,1,AwayWin
M0397,Gol Gohar,Paykan,64.1,59.9,-0.24,-0.75,1.32,0.87,2,0,HomeWin
M0398,Foolad,Sepahan,80.9,67.4,-0.92,0.43,1.55,0.51,0,0,Draw
M0399,Paykan,Shams Azar,70.2,66.7,1.0,0.54,2.01,1.44,2,0,HomeWin
M0400,Esteghlal,Sepahan,83.6,63.3,0.06,0.78,2.39,0.81,4,1,HomeWin
M0401,Tractor,Paykan,61.4,78.7,-0.62,0.3,0.3,1.66,0,0,Draw
M0402,Zob Ahan,Malavan,77.4,79.0,0.04,0.29,1.35,1.14,1,2,AwayWin
M0403,Mes Kerman,Shams Azar,69.2,58.4,0.92,-0.5,2.08,0.27,3,1,HomeWin
M0404,Foolad,Esteghlal,61.2,81.0,0.44,-0.26,0.71,1.51,0,3,AwayWin
M0405,Foolad,Nassaji,81.1,83.5,0.03,0.92,1.23,1.76,0,1,AwayWin
M0406,Tractor,Paykan,78.0,72.1,0.66,-0.45,1.94,0.52,3,0,HomeWin
M0407,Malavan,Esteghlal,87.8,64.6,-0.59,-0.57,2.27,0.28,1,0,HomeWin
M0408,Mes Kerman,Persepolis,68.0,62.3,-0.72,-0.8,1.0,0.68,2,1,HomeWin
M0409,Tractor,Foolad,74.6,75.8,-0.6,-0.57,0.95,0.84,0,5,AwayWin
M0410,Shams Azar,Nassaji,80.0,65.8,-0.22,-0.08,1.78,0.52,3,0,HomeWin
M0411,Esteghlal,Persepolis,74.3,66.0,-0.17,0.1,1.77,0.86,0,1,AwayWin
M0412,Malavan,Nassaji,63.7,64.4,0.96,-0.76,1.79,0.81,0,1,AwayWin
M0413,Gol Gohar,Malavan,81.1,59.4,-0.88,-0.38,1.56,0.1,2,0,HomeWin
M0414,Tractor,Foolad,68.1,70.8,0.68,0.17,1.62,1.2,0,3,AwayWin
M0415,Persepolis,Foolad,69.9,66.1,-0.16,-0.82,1.65,0.8,2,0,HomeWin
M0416,Mes Kerman,Esteghlal,82.4,75.8,0.56,-0.33,1.78,0.69,2,1,HomeWin
M0417,Sepahan,Nassaji,80.8,55.6,-0.92,-0.61,2.23,0.1,1,0,HomeWin
M0418,Persepolis,Esteghlal,67.7,77.6,-0.85,0.88,0.39,2.03,1,1,Draw
M0419,Zob Ahan,Paykan,73.2,69.4,-0.78,0.25,1.13,1.21,1,0,HomeWin
M0420,Shams Azar,Foolad,64.6,86.8,-0.77,-0.39,0.14,1.92,1,1,Draw
M0421,Malavan,Shams Azar,79.3,72.4,-0.19,-0.58,1.59,0.72,0,0,Draw
M0422,Gol Gohar,Shams Azar,77.8,55.6,0.64,0.01,2.74,0.38,1,0,HomeWin
M0423,Esteghlal,Shams Azar,87.7,74.2,-0.67,0.51,1.7,0.88,3,1,HomeWin
M0424,Shams Azar,Mes Kerman,75.0,74.8,0.46,0.36,1.78,1.19,2,1,HomeWin
M0425,Paykan,Tractor,59.8,73.7,-0.41,0.54,0.81,1.82,4,2,HomeWin
M0426,Sepahan,Nassaji,68.3,73.5,0.88,-0.18,1.56,1.51,1,0,HomeWin
M0427,Zob Ahan,Esteghlal,76.2,60.7,-0.57,0.12,1.99,0.44,2,1,HomeWin
M0428,Shams Azar,Sepahan,76.7,73.5,-0.97,0.64,0.91,0.91,0,1,AwayWin
M0429,Sepahan,Malavan,75.1,66.3,0.1,0.7,1.48,1.09,2,0,HomeWin
M0430,Shams Azar,Zob Ahan,73.9,66.4,0.26,0.85,1.53,1.17,1,4,AwayWin
M0431,Gol Gohar,Persepolis,63.3,61.3,-0.47,0.08,1.04,1.24,0,2,AwayWin
M0432,Esteghlal,Tractor,70.8,62.4,-0.99,0.7,1.2,0.99,1,0,HomeWin
M0433,Zob Ahan,Paykan,61.7,57.7,-0.61,0.22,1.41,1.23,0,2,AwayWin
M0434,Malavan,Foolad,57.6,75.8,-0.85,0.48,0.1,1.85,0,1,AwayWin
M0435,Paykan,Nassaji,76.2,75.7,-0.9,-0.26,1.04,0.85,2,0,HomeWin
M0436,Esteghlal,Shams Azar,84.2,79.0,0.53,-0.18,1.5,0.64,0,2,AwayWin
M0437,Malavan,Nassaji,85.5,85.5,0.96,0.13,1.94,0.89,1,2,AwayWin
M0438,Tractor,Foolad,61.7,62.7,0.87,0.91,1.5,1.58,0,2,AwayWin
M0439,Shams Azar,Persepolis,70.3,61.8,0.99,0.82,2.14,0.84,1,0,HomeWin
M0440,Zob Ahan,Tractor,82.2,87.3,-0.36,-0.06,0.98,1.54,1,3,AwayWin
M0441,Paykan,Esteghlal,79.0,60.6,0.16,-0.9,2.32,0.1,0,0,Draw
M0442,Zob Ahan,Foolad,64.4,56.7,-0.1,0.36,1.77,0.9,4,2,HomeWin
M0443,Sepahan,Mes Kerman,58.0,71.2,0.64,0.07,0.84,1.66,0,3,AwayWin
M0444,Nassaji,Mes Kerman,75.0,62.7,-0.15,0.65,1.96,0.92,2,1,HomeWin
M0445,Esteghlal,Zob Ahan,62.6,79.8,0.92,-0.95,1.15,1.42,1,3,AwayWin
M0446,Zob Ahan,Shams Azar,62.8,68.4,0.56,-0.71,1.48,0.97,0,1,AwayWin
M0447,Sepahan,Tractor,62.4,66.5,0.35,-0.83,1.21,1.18,1,1,Draw
M0448,Persepolis,Mes Kerman,63.7,73.8,0.46,0.05,1.24,1.28,1,4,AwayWin
M0449,Shams Azar,Mes Kerman,63.9,69.2,0.22,-0.42,1.2,0.85,0,1,AwayWin
M0450,Gol Gohar,Esteghlal,86.4,77.8,-0.54,0.68,1.39,1.17,1,2,AwayWin
M0451,Paykan,Gol Gohar,82.9,75.1,0.11,-0.87,1.41,0.43,3,0,HomeWin
M0452,Malavan,Nassaji,58.0,85.5,-0.53,0.09,0.1,2.08,0,3,AwayWin
M0453,Zob Ahan,Persepolis,86.8,57.1,0.26,0.95,2.59,0.41,1,0,HomeWin
M0454,Zob Ahan,Paykan,71.4,82.9,0.67,-0.74,1.12,1.06,1,1,Draw
M0455,Shams Azar,Esteghlal,68.2,61.1,0.25,-0.53,1.42,0.53,0,1,AwayWin
M0456,Zob Ahan,Nassaji,79.0,66.0,-0.09,-0.92,1.89,0.12,2,0,HomeWin
M0457,Foolad,Gol Gohar,61.0,72.3,-0.08,-0.21,0.6,1.62,1,2,AwayWin
M0458,Mes Kerman,Paykan,82.9,81.1,0.66,-0.56,1.9,0.87,2,0,HomeWin
M0459,Foolad,Persepolis,77.6,85.2,-0.63,0.52,0.88,1.81,0,3,AwayWin
M0460,Paykan,Tractor,83.7,62.3,0.06,0.56,2.1,0.38,3,0,HomeWin
M0461,Malavan,Nassaji,72.1,86.6,0.9,0.12,0.79,1.54,1,1,Draw
M0462,Tractor,Gol Gohar,75.7,59.0,0.35,0.02,2.15,0.78,0,1,AwayWin
M0463,Esteghlal,Foolad,72.2,78.3,0.16,-0.46,0.84,1.36,0,1,AwayWin
M0464,Nassaji,Persepolis,65.8,65.8,-0.79,0.46,0.9,1.49,1,2,AwayWin
M0465,Zob Ahan,Shams Azar,83.1,56.5,0.92,-0.47,2.94,0.12,3,0,HomeWin
M0466,Gol Gohar,Sepahan,70.1,75.3,0.9,-0.76,1.51,1.0,0,1,AwayWin
M0467,Nassaji,Esteghlal,64.0,59.3,0.69,0.05,1.98,0.86,1,0,HomeWin
M0468,Zob Ahan,Nassaji,56.9,65.7,0.55,0.01,1.34,1.38,1,0,HomeWin
M0469,Nassaji,Gol Gohar,71.8,87.4,0.79,-0.44,1.07,1.63,1,3,AwayWin
M0470,Shams Azar,Sepahan,65.0,75.3,-0.76,-0.83,0.7,1.46,0,1,AwayWin
M0471,Esteghlal,Persepolis,60.1,65.1,0.28,0.17,1.44,1.08,0,3,AwayWin
M0472,Gol Gohar,Zob Ahan,57.3,55.2,-0.32,-0.93,1.08,0.78,1,0,HomeWin
M0473,Foolad,Gol Gohar,83.1,72.3,-0.23,0.17,1.94,0.78,3,0,HomeWin
M0474,Malavan,Nassaji,78.7,64.7,-0.17,0.49,1.57,0.99,3,1,HomeWin
M0475,Tractor,Sepahan,78.3,81.7,-0.79,-0.73,1.05,0.74,2,1,HomeWin
M0476,Esteghlal,Nassaji,79.4,84.2,0.04,-0.17,1.12,1.03,1,2,AwayWin
M0477,Mes Kerman,Persepolis,77.0,60.8,-0.64,-0.3,1.67,0.28,2,0,HomeWin
M0478,Sepahan,Malavan,86.1,65.7,0.24,0.02,2.38,0.49,4,0,HomeWin
M0479,Sepahan,Shams Azar,86.7,76.3,-0.65,-0.09,1.29,0.67,1,1,Draw
M0480,Sepahan,Esteghlal,65.8,60.7,0.15,0.13,1.63,1.11,5,1,HomeWin
M0481,Shams Azar,Sepahan,62.8,60.5,0.31,0.4,1.36,1.21,1,1,Draw
M0482,Zob Ahan,Persepolis,71.1,76.3,0.47,0.77,1.11,1.74,0,2,AwayWin
M0483,Foolad,Malavan,81.8,80.6,0.22,0.45,1.24,1.18,3,0,HomeWin
M0484,Persepolis,Tractor,56.8,63.1,0.8,-0.06,1.38,1.3,0,2,AwayWin
M0485,Paykan,Shams Azar,86.2,72.1,-0.74,-0.94,1.67,0.56,0,0,Draw
M0486,Mes Kerman,Esteghlal,73.1,60.7,0.77,-0.47,2.14,0.57,5,0,HomeWin
M0487,Mes Kerman,Gol Gohar,77.0,66.8,-0.53,0.07,1.75,0.95,3,0,HomeWin
M0488,Foolad,Tractor,85.4,76.3,0.63,0.71,1.96,0.8,0,1,AwayWin
M0489,Tractor,Malavan,84.7,83.6,-0.95,-0.7,1.01,0.98,2,0,HomeWin
M0490,Foolad,Tractor,70.8,76.6,0.47,-0.61,1.32,0.91,0,1,AwayWin
M0491,Tractor,Mes Kerman,74.6,58.1,0.93,-0.71,2.06,0.1,1,0,HomeWin
M0492,Malavan,Nassaji,68.5,79.8,-0.72,-0.77,0.72,1.33,0,1,AwayWin
M0493,Sepahan,Esteghlal,59.0,78.8,-0.11,0.45,0.56,2.21,2,2,Draw
M0494,Paykan,Tractor,69.2,66.1,0.07,0.32,1.43,1.33,2,1,HomeWin
M0495,Persepolis,Sepahan,64.4,81.1,0.37,0.25,0.56,1.67,0,2,AwayWin
M0496,Foolad,Nassaji,59.3,82.7,0.18,0.4,0.36,2.34,1,0,HomeWin
M0497,Mes Kerman,Malavan,55.0,85.7,0.43,0.14,0.15,2.39,0,3,AwayWin
M0498,Sepahan,Gol Gohar,61.3,85.9,0.1,0.08,0.29,2.15,0,2,AwayWin
M0499,Mes Kerman,Sepahan,55.8,87.7,0.86,-0.16,0.29,1.96,0,1,AwayWin
M0500,Paykan,Malavan,57.0,78.7,0.93,-0.14,1.02,1.52,0,0,Draw
M0501,Foolad,Paykan,76.5,84.7,-0.32,-0.48,1.06,1.42,2,1,HomeWin
M0502,Tractor,Esteghlal,59.1,75.3,0.82,-0.19,0.98,1.85,1,2,AwayWin
M0503,Nassaji,Malavan,77.3,87.9,-0.26,-0.15,0.58,1.27,0,0,Draw
M0504,Foolad,Shams Azar,69.3,58.6,0.11,0.54,1.95,0.92,0,0,Draw
M0505,Mes Kerman,Zob Ahan,73.3,58.3,-0.2,0.53,1.57,0.56,2,1,HomeWin
M0506,Nassaji,Persepolis,59.9,56.0,0.44,0.95,1.75,1.27,1,1,Draw
M0507,Nassaji,Tractor,66.0,87.0,0.63,-0.42,0.99,1.96,1,1,Draw
M0508,Tractor,Esteghlal,55.6,69.4,-0.3,0.72,0.73,1.8,1,1,Draw
M0509,Shams Azar,Esteghlal,66.0,88.0,0.61,0.55,0.73,1.86,5,0,HomeWin
M0510,Gol Gohar,Malavan,57.1,62.9,-0.72,0.71,0.49,1.29,0,1,AwayWin
M0511,Gol Gohar,Mes Kerman,74.4,79.9,0.59,-0.9,1.37,1.08,0,0,Draw
M0512,Esteghlal,Mes Kerman,63.7,62.8,0.54,0.1,1.74,1.14,4,2,HomeWin
M0513,Sepahan,Esteghlal,63.4,75.1,-0.92,0.18,0.55,1.63,0,3,AwayWin
M0514,Tractor,Mes Kerman,57.1,70.3,-0.12,-0.76,0.67,1.36,1,2,AwayWin
M0515,Nassaji,Foolad,86.4,71.0,0.14,-0.5,2.17,0.54,1,1,Draw
M0516,Paykan,Malavan,64.5,73.8,-0.77,0.22,0.8,1.24,1,3,AwayWin
M0517,Tractor,Shams Azar,56.7,70.2,0.81,0.69,0.85,1.76,2,2,Draw
M0518,Shams Azar,Persepolis,62.8,77.6,0.5,0.14,0.97,1.9,1,0,HomeWin
M0519,Persepolis,Sepahan,87.2,86.8,0.46,0.08,1.58,1.39,7,0,HomeWin
M0520,Persepolis,Shams Azar,86.2,84.2,0.04,0.47,1.24,1.48,3,0,HomeWin
M0521,Esteghlal,Gol Gohar,72.8,68.8,-0.36,0.33,1.51,0.88,0,1,AwayWin
M0522,Zob Ahan,Persepolis,80.2,77.0,0.87,0.02,1.78,1.19,1,2,AwayWin
M0523,Nassaji,Zob Ahan,74.1,88.0,0.86,-0.05,1.17,1.43,1,0,HomeWin
M0524,Persepolis,Malavan,69.0,66.7,-0.91,0.8,1.11,1.11,0,3,AwayWin
M0525,Zob Ahan,Gol Gohar,58.5,85.7,0.16,0.72,0.37,2.39,0,5,AwayWin
M0526,Zob Ahan,Paykan,63.2,63.7,0.22,-0.95,1.34,0.67,0,0,Draw
M0527,Shams Azar,Gol Gohar,58.4,59.7,0.96,-0.29,1.79,1.24,2,1,HomeWin
M0528,Tractor,Gol Gohar,72.6,72.6,0.0,0.23,1.53,0.96,1,2,AwayWin
M0529,Paykan,Persepolis,69.0,75.6,-0.87,-0.4,0.52,1.39,0,2,AwayWin
M0530,Paykan,Mes Kerman,81.9,88.0,0.75,0.43,1.12,1.29,2,1,HomeWin
M0531,Foolad,Zob Ahan,73.4,58.1,-0.34,0.66,1.49,0.59,2,0,HomeWin
M0532,Persepolis,Malavan,58.2,65.5,-0.94,-0.61,0.51,0.86,0,0,Draw
M0533,Persepolis,Shams Azar,79.9,71.0,0.82,0.5,2.15,0.74,2,1,HomeWin
M0534,Mes Kerman,Esteghlal,83.6,70.2,0.1,-0.81,1.62,0.21,5,0,HomeWin
M0535,Foolad,Paykan,68.9,76.9,0.23,0.83,1.19,1.72,2,3,AwayWin
M0536,Gol Gohar,Zob Ahan,74.4,87.3,0.61,-0.9,0.8,1.02,1,3,AwayWin
M0537,Zob Ahan,Esteghlal,66.6,57.3,-0.84,0.37,1.07,1.1,2,0,HomeWin
M0538,Gol Gohar,Tractor,68.6,78.4,-0.75,0.03,0.46,1.38,0,1,AwayWin
M0539,Paykan,Mes Kerman,76.5,64.9,-0.73,0.06,1.52,0.52,1,0,HomeWin
M0540,Foolad,Paykan,75.2,69.2,-0.18,-0.35,1.43,0.56,3,0,HomeWin
M0541,Nassaji,Gol Gohar,72.7,56.0,-0.1,0.91,2.09,1.11,1,1,Draw
M0542,Tractor,Zob Ahan,63.5,68.3,-0.24,-0.74,1.09,1.17,1,0,HomeWin
M0543,Malavan,Gol Gohar,74.9,66.5,0.85,-0.98,2.24,0.42,1,0,HomeWin
M0544,Sepahan,Shams Azar,69.1,84.1,0.39,-0.05,0.8,1.77,1,0,HomeWin
M0545,Sepahan,Gol Gohar,78.4,58.3,-0.25,0.94,2.01,1.0,2,0,HomeWin
M0546,Shams Azar,Esteghlal,58.6,74.4,0.96,-0.04,1.05,1.67,0,0,Draw
M0547,Paykan,Malavan,84.1,66.8,0.86,0.79,2.59,0.63,3,1,HomeWin
M0548,Sepahan,Persepolis,85.3,56.8,0.06,-0.54,2.62,0.1,2,0,HomeWin
M0549,Shams Azar,Esteghlal,70.2,66.6,0.64,-0.66,1.99,1.01,1,2,AwayWin
M0550,Gol Gohar,Foolad,66.9,79.8,0.9,-0.91,1.25,1.19,1,1,Draw
M0551,Sepahan,Foolad,82.9,57.5,-0.72,-0.61,2.29,0.29,3,0,HomeWin
M0552,Paykan,Persepolis,69.9,84.7,-0.2,-0.59,0.73,1.5,1,0,HomeWin
M0553,Tractor,Paykan,72.8,77.6,0.64,0.8,1.28,1.26,2,3,AwayWin
M0554,Mes Kerman,Malavan,61.4,67.8,0.99,0.96,1.33,1.69,1,2,AwayWin
M0555,Foolad,Esteghlal,56.2,85.4,0.4,0.27,0.1,1.96,0,2,AwayWin
M0556,Persepolis,Nassaji,66.4,60.7,-0.49,0.83,1.61,1.05,2,1,HomeWin
M0557,Persepolis,Shams Azar,74.9,62.2,0.41,0.1,1.68,0.8,3,1,HomeWin
M0558,Nassaji,Paykan,71.9,63.4,0.08,-0.23,1.75,0.77,5,0,HomeWin
M0559,Gol Gohar,Shams Azar,74.1,59.4,-0.04,-0.45,1.84,0.21,1,0,HomeWin
M0560,Mes Kerman,Paykan,72.8,86.8,0.42,-0.65,0.69,1.18,1,1,Draw
M0561,Tractor,Malavan,81.1,60.0,-0.77,0.29,1.87,0.18,1,1,Draw
M0562,Sepahan,Paykan,83.6,85.5,0.42,0.11,1.22,0.99,0,0,Draw
M0563,Sepahan,Foolad,60.8,55.1,-0.87,0.04,1.16,0.84,0,0,Draw
M0564,Malavan,Paykan,77.2,73.4,0.6,-0.04,1.62,0.66,0,0,Draw
M0565,Gol Gohar,Nassaji,81.3,64.5,0.83,-0.53,2.34,0.58,2,0,HomeWin
M0566,Esteghlal,Shams Azar,64.1,80.8,0.53,0.1,0.63,1.61,0,3,AwayWin
M0567,Esteghlal,Foolad,79.2,87.8,-0.09,0.5,1.17,1.28,1,1,Draw
M0568,Zob Ahan,Shams Azar,82.5,65.9,0.81,-0.91,2.25,0.44,1,0,HomeWin
M0569,Malavan,Zob Ahan,85.2,64.9,-0.83,-0.82,1.98,0.4,1,1,Draw
M0570,Persepolis,Nassaji,75.3,85.4,0.18,0.54,0.95,1.66,0,3,AwayWin
M0571,Foolad,Paykan,59.6,72.6,0.13,0.24,0.63,1.7,1,2,AwayWin
M0572,Malavan,Paykan,58.9,72.5,0.36,0.28,1.07,1.42,0,2,AwayWin
M0573,Persepolis,Malavan,70.0,67.4,0.39,-0.53,1.27,0.58,3,1,HomeWin
M0574,Shams Azar,Sepahan,67.5,65.0,-0.84,0.71,1.22,1.55,4,2,HomeWin
M0575,Nassaji,Shams Azar,64.6,58.0,0.5,-0.02,1.7,0.67,0,1,AwayWin
M0576,Malavan,Shams Azar,59.8,58.0,0.43,-0.19,1.33,0.83,0,1,AwayWin
M0577,Shams Azar,Malavan,57.5,56.8,0.41,0.99,1.72,1.55,2,2,Draw
M0578,Esteghlal,Zob Ahan,69.4,71.7,-0.99,0.16,0.59,1.46,0,0,Draw
M0579,Paykan,Esteghlal,86.0,56.6,0.26,-0.56,2.7,0.1,1,0,HomeWin
M0580,Sepahan,Gol Gohar,83.0,70.5,-0.64,-0.67,1.58,0.32,2,0,HomeWin
M0581,Shams Azar,Mes Kerman,86.2,82.0,-0.63,0.38,1.35,0.93,0,1,AwayWin
M0582,Shams Azar,Gol Gohar,55.2,57.2,0.57,0.89,1.53,1.63,0,0,Draw
M0583,Gol Gohar,Esteghlal,75.1,82.8,0.77,-0.78,1.49,0.85,0,0,Draw
M0584,Esteghlal,Zob Ahan,62.5,82.0,0.59,-0.89,0.8,1.29,0,0,Draw
M0585,Zob Ahan,Malavan,65.4,55.5,0.91,-0.49,2.18,0.87,0,1,AwayWin
M0586,Shams Azar,Gol Gohar,78.1,62.5,0.29,0.59,2.05,0.71,1,1,Draw
M0587,Paykan,Foolad,64.2,70.6,-0.77,0.67,0.49,1.63,3,1,HomeWin
M0588,Tractor,Persepolis,56.2,66.0,-0.69,0.55,0.73,1.58,1,1,Draw
M0589,Mes Kerman,Gol Gohar,69.4,72.3,0.76,-0.52,1.71,0.81,2,1,HomeWin
M0590,Zob Ahan,Shams Azar,61.4,73.1,0.98,0.99,1.46,2.11,3,3,Draw
M0591,Foolad,Nassaji,85.2,72.8,-0.34,-0.89,1.85,0.61,2,0,HomeWin
M0592,Persepolis,Zob Ahan,86.7,60.3,0.13,0.46,2.11,0.1,3,0,HomeWin
M0593,Foolad,Esteghlal,77.0,74.8,0.78,-0.8,1.45,0.5,2,1,HomeWin
M0594,Gol Gohar,Foolad,78.2,69.7,-0.22,0.37,1.36,1.01,1,1,Draw
M0595,Foolad,Persepolis,77.5,87.9,0.79,0.33,1.01,1.82,2,1,HomeWin
M0596,Zob Ahan,Esteghlal,57.6,58.7,-0.57,0.44,0.84,1.52,3,2,HomeWin
M0597,Foolad,Esteghlal,86.5,71.2,0.53,0.41,2.33,0.69,4,0,HomeWin
M0598,Tractor,Mes Kerman,79.8,57.2,-0.98,-0.21,2.09,0.31,2,0,HomeWin
M0599,Paykan,Persepolis,55.1,66.5,0.88,0.76,1.15,1.77,2,5,AwayWin
M0600,Paykan,Malavan,84.4,86.7,-0.28,0.52,0.94,1.29,1,1,Draw
